questionId,lite_score,sch_score,d2_score,oral_score,diffculty,popularity
1,0.2,0.9,0.5,0.2,0.5596449,0.33540648
2,0.14285714285714285,0.8571428571428571,0.5714285714285714,0.14285714285714285,0.44943720000000004,0.43903077
3,0.2083333333333333,0.875,0.5416666666666666,0.1,0.40811235,0.34521824
4,0.5,0.75,0.25,0.125,0.53210396,0.66002536
5,0.1111111111111111,0.7777777777777778,0.6666666666666666,0.3333333333333333,0.46743125,0.3747853
6,0.1176470588235294,0.9411764705882352,0.4117647058823529,0.29411764705882354,0.6488628000000001,0.39404005
7,0.2352941176470588,0.8823529411764706,0.1176470588235294,0.17647058823529413,0.60461944,0.3291443
8,0.14545454545454545,0.8727272727272727,0.2909090909090909,0.2363636363636364,0.48033923,0.4665014
9,0.43478260869565216,0.8695652173913043,0.21739130434782608,0.1,0.5087335999999999,0.33974236
10,0.2325581395348837,0.9302325581395348,0.2558139534883721,0.2325581395348837,0.41723913,0.52704763
11,0.1,0.875,0.3125,0.5,0.533227,0.47793514
12,0.20454545454545456,0.8181818181818182,0.25,0.3636363636363637,0.56442326,0.426512
13,0.20454545454545456,0.8181818181818182,0.2272727272727273,0.3181818181818182,0.56682116,0.4230962
14,0.2,0.9333333333333332,0.4666666666666667,0.1,0.42741615,0.31948426
15,0.1,0.7777777777777778,0.3333333333333333,0.4444444444444444,0.45505708,0.35183677
16,0.25,0.875,0.625,0.1,0.40521365,0.383012
17,0.4117647058823529,0.9411764705882352,0.29411764705882354,0.1176470588235294,0.544918,0.50332516
18,0.1111111111111111,0.8888888888888888,0.3333333333333333,0.2222222222222222,0.4554829000000001,0.39202923
19,0.1,0.7777777777777778,0.4444444444444444,0.2222222222222222,0.699755,0.460418
20,0.2857142857142857,0.9047619047619048,0.3809523809523809,0.1,0.5017871,0.3407238
21,0.1,1.0,0.1,0.1,0.8008147,0.39683282
22,0.1,1.0,0.25,0.1,0.7744561,0.53520656
23,0.16666666666666666,1.0,0.16666666666666666,0.16666666666666666,0.7663074000000001,0.36894202
24,0.125,0.75,0.5,0.1,0.6340564000000001,0.41822416
25,0.2857142857142857,0.5714285714285714,0.2857142857142857,0.21428571428571427,0.5631861,0.46670908
26,0.1,0.84375,0.65625,0.1875,0.68158084,0.40569162
27,0.1891891891891892,0.8918918918918919,0.5945945945945946,0.16216216216216214,0.67220575,0.39436078
28,0.3,0.8,0.35,0.1,0.4315198,0.36706612
29,0.28,0.8,0.36,0.16,0.5547679,0.43170953
30,0.1,0.8,0.5333333333333333,0.26666666666666666,0.61060566,0.35909408
31,0.1111111111111111,1.0,0.4444444444444444,0.1,0.67354006,0.68481725
32,0.1,1.0,0.6,0.1,0.42089683,0.35301054
33,0.13333333333333333,0.9333333333333332,0.6666666666666666,0.1,0.5563498,0.42793357
34,0.21428571428571427,0.9285714285714286,0.42857142857142855,0.14285714285714285,0.56595236,0.3887462
35,0.2777777777777778,1.0,0.4444444444444444,0.1,0.73912495,0.33948973
36,0.3333333333333333,0.7777777777777778,0.3703703703703704,0.1,0.46172577,0.41321594
37,0.5,0.4166666666666667,0.25,0.25,0.50534016,0.5345446
38,0.21212121212121213,0.8484848484848485,0.21212121212121213,0.2727272727272727,0.500609,0.3662293
39,0.2727272727272727,0.7272727272727273,0.4545454545454545,0.1,0.6993560000000001,0.5360204
40,0.3333333333333333,0.75,0.3333333333333333,0.1,0.741164,0.5733151
41,0.21428571428571427,0.9285714285714286,0.2857142857142857,0.14285714285714285,0.44179362,0.34810755
42,0.1,0.7272727272727273,0.3636363636363637,0.3636363636363637,0.5183162,0.59809434
43,0.3333333333333333,0.7333333333333333,0.26666666666666666,0.1,0.428392,0.42488068
44,0.2307692307692308,0.8205128205128205,0.3076923076923077,0.3076923076923077,0.33392340000000004,0.4944358
45,0.42857142857142855,0.7857142857142857,0.7857142857142857,0.1,0.45421177,0.49917725
46,0.2,0.8,0.6,0.1,0.49811405,0.49103665
47,0.2,1.0,0.6,0.1,0.71576935,0.43868184
48,0.1,0.9230769230769232,0.2307692307692308,0.5384615384615384,0.5430191,0.5712549
49,0.5333333333333333,0.8666666666666667,0.13333333333333333,0.1,0.59904295,0.49316847
50,0.2727272727272727,0.9090909090909092,0.13636363636363635,0.3181818181818182,0.5668996999999999,0.4569415
51,0.43478260869565216,0.6521739130434783,0.2608695652173913,0.1,0.47626477,0.56493753
52,0.45,0.6,0.35,0.1,0.45234674,0.5753343
53,0.16666666666666666,1.0,0.5833333333333334,0.1,0.4844604,0.51628935
54,0.13333333333333333,0.9333333333333332,0.13333333333333333,0.4666666666666667,0.6838774000000001,0.38158405
55,0.42105263157894735,0.7894736842105263,0.631578947368421,0.1,0.43195444,0.48315942
56,0.15789473684210525,1.0,0.15789473684210525,0.3684210526315789,0.42353505,0.65683985
57,0.15789473684210525,0.9473684210526316,0.3157894736842105,0.42105263157894735,0.52613586,0.6050983
58,0.1,0.9,0.8,0.1,0.2579195,0.35399443
59,0.16666666666666666,1.0,0.3333333333333333,0.1,0.85556835,0.43103695
60,0.1,0.75,0.3,0.25,0.5934934000000001,0.57708275
61,0.1111111111111111,0.5555555555555556,0.6666666666666666,0.16666666666666666,0.7738071,0.29050156
62,0.1,0.6,0.3,0.2,0.5035016,0.47917783
63,0.14285714285714285,0.6428571428571429,0.42857142857142855,0.21428571428571427,0.558826,0.54202044
64,0.1111111111111111,0.7777777777777778,0.4444444444444444,0.1,0.34774822,0.3750007
65,0.13333333333333333,0.6666666666666666,0.4,0.4666666666666667,0.52110463,0.38189673
66,0.125,0.9375,0.3125,0.125,0.56861216,0.47547528
67,0.1875,0.75,0.1,0.4375,0.35484546,0.52181923
68,0.2537313432835821,0.8507462686567164,0.1791044776119403,0.373134328358209,0.44715887,0.45039323
69,0.125,0.9375,0.3125,0.1875,0.40329152,0.3765038
70,0.4,0.4,0.3,0.2,0.69007915,0.48791742
71,0.1111111111111111,0.8888888888888888,0.3703703703703704,0.2962962962962963,0.4923913,0.44177157
72,0.25,0.75,0.5,0.5,0.57310873,0.5558757
73,0.375,0.875,0.1875,0.1,0.62140614,0.39637396
74,0.2307692307692308,0.8846153846153846,0.1,0.6153846153846154,0.5140925999999999,0.4263316
75,0.1111111111111111,0.7222222222222222,0.4444444444444444,0.1111111111111111,0.7215639,0.47810888
76,0.375,0.375,0.5,0.1,0.40937585,0.3421206
77,0.14285714285714285,1.0,0.42857142857142855,0.2857142857142857,0.5399006,0.57115185
78,0.16666666666666666,1.0,0.3333333333333333,0.1,0.55775636,0.41807348
79,0.26666666666666666,0.7333333333333333,0.4666666666666667,0.1,0.52217275,0.46326256
80,0.1,0.84375,0.59375,0.1875,0.68304664,0.40369877
81,0.17647058823529413,0.8823529411764706,0.5294117647058824,0.1,0.46894842,0.4575264
82,0.2222222222222222,1.0,0.3333333333333333,0.1,0.7422473,0.37896878
83,0.2222222222222222,1.0,0.4444444444444444,0.1,0.9071614,0.34412876
84,0.21428571428571427,0.8571428571428571,0.5,0.1,0.44035393,0.6056825
85,0.16666666666666666,1.0,0.5,0.1,0.29069966,0.5245293
86,0.125,1.0,0.125,0.25,0.49344856,0.39990538
87,0.2,0.92,0.4,0.1,0.5075645000000001,0.54473126
88,0.1,1.0,0.2,0.2,0.5907865,0.48789582
89,0.19230769230769232,0.9615384615384616,0.2692307692307692,0.2692307692307692,0.42093164,0.54281926
90,0.16666666666666666,1.0,0.5,0.1,0.44863109999999995,0.4770621
91,0.14285714285714285,1.0,0.21428571428571427,0.2857142857142857,0.51390344,0.45233935
92,0.125,1.0,0.25,0.25,0.62228817,0.3987396
93,0.1,1.0,0.2,0.4,0.47912604,0.41796944
94,0.4444444444444444,1.0,0.1111111111111111,0.1,0.8762774,0.38848764
95,0.6,1.0,0.1,0.1,0.8689018000000001,0.4789123
96,0.1111111111111111,0.8888888888888888,0.2222222222222222,0.3333333333333333,0.84192973,0.5740373
97,0.5714285714285714,1.0,0.21428571428571427,0.1,0.5764746000000001,0.28853646
98,0.35294117647058826,0.7647058823529411,0.29411764705882354,0.1,0.727544,0.49424702
99,0.6,0.9,0.15,0.1,0.794956,0.4117279
100,0.26666666666666666,1.0,0.4,0.1,0.61221844,0.39979655
101,0.3333333333333333,0.8888888888888888,0.3333333333333333,0.1,0.81538635,0.570809
102,0.25,0.75,0.1,0.5833333333333334,0.8803228999999999,0.4295202
103,0.21428571428571427,0.7142857142857143,0.2857142857142857,0.42857142857142855,0.8189673000000001,0.52071285
104,0.2727272727272727,0.7272727272727273,0.2727272727272727,0.2727272727272727,0.6732053000000001,0.41496396
105,0.1,0.6666666666666666,0.3333333333333333,0.5555555555555556,0.85999125,0.52574617
106,0.1,0.6666666666666666,0.2222222222222222,0.5555555555555556,0.8708859,0.5115859
107,0.3,0.8,0.1,0.5,0.87760574,0.47849578
108,0.5,0.7,0.6,0.2,0.66187376,0.6269155
109,0.4,0.7,0.4,0.1,0.6870194000000001,0.57828873
110,0.5,0.9375,0.375,0.1875,0.74949807,0.523167
111,0.3333333333333333,0.75,0.25,0.25,0.6650191999999999,0.4250071
112,0.2,0.7,0.3,0.2,0.556228,0.3925299
113,0.2222222222222222,0.7777777777777778,0.3333333333333333,0.3333333333333333,0.5559545,0.39247447
114,1.0,1.0,0.5,0.1,0.70961493,0.67294556
115,0.15384615384615385,1.0,0.38461538461538464,0.4615384615384616,0.6253168,0.4647861
116,0.38333333333333336,0.8333333333333334,0.1,0.15,0.7604401999999999,0.4085237
117,0.3809523809523809,0.6666666666666666,0.2857142857142857,0.1,0.7174155,0.44356757
118,0.5714285714285714,1.0,0.42857142857142855,0.14285714285714285,0.63971096,0.36230198
119,0.4444444444444444,1.0,0.2222222222222222,0.2222222222222222,0.68993133,0.47692952
120,0.1111111111111111,0.6666666666666666,0.4444444444444444,0.1111111111111111,0.57203144,0.5677779
121,0.13636363636363635,0.8636363636363636,0.4090909090909091,0.2727272727272727,0.542878,0.44424713
122,0.14705882352941174,0.8823529411764706,0.35294117647058826,0.4411764705882353,0.61415774,0.43804035
123,0.1176470588235294,0.8823529411764706,0.4117647058823529,0.5,0.628344,0.40911636
124,0.3888888888888889,0.8888888888888888,0.16666666666666666,0.2777777777777778,0.5681142,0.5189825
125,0.3333333333333333,1.0,0.13333333333333333,0.2,0.45516092,0.4102614
126,0.19444444444444445,0.75,0.2222222222222222,0.2222222222222222,0.5379818000000001,0.5088179
127,0.1875,0.78125,0.3125,0.125,0.5651993000000001,0.50956696
128,0.1,0.8181818181818182,0.3636363636363637,0.2727272727272727,0.42378837,0.36403573
129,0.18181818181818185,0.9545454545454546,0.13636363636363635,0.2272727272727273,0.80882615,0.47705728
130,0.1,0.9230769230769232,0.5384615384615384,0.15384615384615385,0.28911215,0.45058492
131,0.18181818181818185,0.9090909090909092,0.2727272727272727,0.3636363636363637,0.40698759999999995,0.53751695
132,0.2,0.9,0.5,0.1,0.51256317,0.56423926
133,0.2,0.6,0.1,0.4222222222222222,0.7792825,0.49328846
134,0.2708333333333333,0.7291666666666666,0.2916666666666667,0.3541666666666667,0.3656723,0.49612027
135,0.3181818181818182,0.5,0.5454545454545454,0.2727272727272727,0.6510573000000001,0.48189902
136,0.16666666666666666,1.0,0.5833333333333334,0.1,0.6178051999999999,0.50706303
137,0.16666666666666666,1.0,0.5,0.1,0.62476546,0.5288962
138,0.2727272727272727,0.8484848484848485,0.18181818181818185,0.21212121212121213,0.67525786,0.47367117
139,0.2608695652173913,0.9130434782608696,0.3043478260869565,0.3043478260869565,0.5926824,0.5016023
140,0.25,0.9285714285714286,0.25,0.35714285714285715,0.5689648,0.49851492
141,0.1,1.0,0.3125,0.125,0.61343664,0.52576715
142,0.1,0.9444444444444444,0.2777777777777778,0.1,0.6057705,0.5071902
143,0.4444444444444444,1.0,0.3333333333333333,0.1,0.6679366,0.51167893
144,0.4444444444444444,1.0,0.2222222222222222,0.1,0.8052762,0.3989682
145,0.4444444444444444,1.0,0.2222222222222222,0.1,0.8044601,0.39146346
146,0.3611111111111111,0.8055555555555556,0.4166666666666667,0.3055555555555556,0.5136464,0.4052031
147,0.10526315789473684,0.6842105263157895,0.5789473684210527,0.1,0.72688407,0.438335
148,0.25,1.0,0.5,0.125,0.58408266,0.5120398
149,0.18181818181818185,0.7272727272727273,0.4545454545454545,0.18181818181818185,0.46435529999999997,0.30822307
150,0.13333333333333333,0.6666666666666666,0.2333333333333333,0.26666666666666666,0.6072753000000001,0.5559718
151,0.18181818181818185,0.6818181818181818,0.5,0.3636363636363637,0.43811017,0.49423823
152,0.26666666666666666,0.8666666666666667,0.6,0.1,0.49029404,0.42693937
153,0.18181818181818185,1.0,0.4545454545454545,0.1,0.6338683,0.3879258
154,0.1,0.8333333333333334,0.5,0.1,0.550515,0.48002696
155,0.4666666666666667,0.8,0.2,0.13333333333333333,0.7567859,0.42594776
160,0.1282051282051282,0.4871794871794872,0.28205128205128205,0.1,0.5310020999999999,0.42284673
162,0.125,0.9583333333333334,0.375,0.1,0.6187009,0.3410216
164,0.18181818181818185,0.9090909090909092,0.4090909090909091,0.13636363636363635,0.5603767,0.43477654
165,0.10810810810810813,0.8648648648648649,0.2432432432432433,0.16216216216216214,0.43331329999999996,0.39550704
166,0.21428571428571427,1.0,0.35714285714285715,0.1,0.4633084,0.36603945
167,0.125,0.875,0.4375,0.125,0.46740550000000003,0.49851325
168,0.3333333333333333,1.0,0.1,0.16666666666666666,0.51366645,0.34918848
169,0.2727272727272727,0.9090909090909092,0.3636363636363637,0.1,0.66893476,0.3258552
171,0.15384615384615385,1.0,0.2307692307692308,0.15384615384615385,0.57422847,0.50993586
172,0.125,0.9375,0.3125,0.125,0.43587259999999994,0.49624497
173,0.1,0.875,0.4166666666666667,0.16666666666666666,0.67160803,0.38564548
174,0.125,0.4166666666666667,0.75,0.16666666666666666,0.6534688,0.61525226
179,0.1,1.0,0.2857142857142857,0.21428571428571427,0.34243409999999996,0.49213272
187,0.1,1.0,0.5,0.25,0.5715726,0.43091774
188,0.13043478260869565,0.6956521739130435,0.3043478260869565,0.6521739130434783,0.65763897,0.40286043
189,0.16,0.52,0.4,0.4,0.72726566,0.4077189
190,0.12,0.88,0.36,0.1,0.58465713,0.43777654
191,0.16666666666666666,0.875,0.16666666666666666,0.1,0.70073396,0.48485953
198,0.15789473684210525,0.5263157894736842,0.3684210526315789,0.3157894736842105,0.52564174,0.46659815
199,0.4,0.6,0.4,0.1,0.74258965,0.37858027
200,0.15384615384615385,0.9230769230769232,0.38461538461538464,0.1,0.49462694,0.54299057
201,0.18181818181818185,1.0,0.3636363636363637,0.18181818181818185,0.48488933,0.54536444
202,0.1,0.6666666666666666,0.6666666666666666,0.2222222222222222,0.62470037,0.3661971
203,0.25,1.0,0.25,0.1,0.7601884,0.3208782
204,0.16666666666666666,1.0,0.16666666666666666,0.3333333333333333,0.18150377,0.45054978
205,0.13636363636363635,0.8636363636363636,0.4545454545454545,0.3181818181818182,0.53601795,0.38265616
206,0.42857142857142855,1.0,0.14285714285714285,0.1,0.8211338,0.3529707
207,0.2,0.6,0.6333333333333333,0.5,0.42859715,0.5269493
208,0.1,0.7142857142857143,0.19047619047619047,0.3333333333333333,0.5156235,0.43948054
209,0.1,0.9,0.6,0.2,0.4117084,0.49295944
210,0.2272727272727273,0.6818181818181818,0.6136363636363636,0.4090909090909091,0.47681338,0.537129
211,0.3333333333333333,1.0,0.1111111111111111,0.2222222222222222,0.53570956,0.46629083
212,0.1,0.8108108108108109,0.2702702702702703,0.4594594594594595,0.5568612,0.5097653
213,0.2,0.72,0.44,0.2,0.5671217,0.4683321
214,0.2222222222222222,0.8888888888888888,0.5555555555555556,0.1,0.6286755,0.45787555
215,0.15384615384615385,0.9230769230769232,0.3076923076923077,0.38461538461538464,0.64236075,0.44117486
216,0.3076923076923077,0.8461538461538461,0.15384615384615385,0.15384615384615385,0.68311924,0.567243
217,0.2,1.0,0.4666666666666667,0.1,0.6722366,0.26375967
218,0.1,0.6904761904761905,0.3333333333333333,0.5238095238095238,0.51321024,0.5833483
219,0.2307692307692308,1.0,0.3076923076923077,0.38461538461538464,0.5665074000000001,0.39179206
220,0.16666666666666666,1.0,0.16666666666666666,0.4444444444444444,0.37927252,0.27977285
221,0.16666666666666666,1.0,0.5,0.1,0.45207924,0.56765616
222,0.18181818181818185,0.7272727272727273,0.3636363636363637,0.1,0.63849384,0.50423586
223,0.25,0.875,0.5,0.125,0.37689608,0.4431701
224,0.29411764705882354,0.8823529411764706,0.17647058823529413,0.1,0.5363472,0.38733602
225,0.1,0.7,0.1,0.2,0.6390123999999999,0.46232945
226,0.2,0.4,0.1,0.4,0.586873,0.428684
227,0.2,0.8666666666666667,0.2,0.1,0.42445523,0.4507296
228,0.14285714285714285,1.0,0.35714285714285715,0.1,0.55709296,0.4778294
229,0.2727272727272727,1.0,0.5454545454545454,0.1,0.53948253,0.5139961
230,0.29411764705882354,0.8235294117647058,0.35294117647058826,0.2352941176470588,0.8012851,0.4978658
231,0.3076923076923077,0.9230769230769232,0.1,0.2307692307692308,0.5865889,0.38165015
232,0.52,0.84,0.2,0.12,0.62142414,0.43885875
233,0.1,1.0,0.1,0.4545454545454545,0.45314413,0.43265092
234,0.25,0.875,0.375,0.125,0.4637807,0.33884543
235,0.2903225806451613,0.8064516129032258,0.16129032258064516,0.1935483870967742,0.7778755,0.4872191
236,0.3225806451612903,0.8709677419354839,0.12903225806451613,0.16129032258064516,0.767469,0.46833378
237,0.15384615384615385,0.8846153846153846,0.2692307692307692,0.1153846153846154,0.74700063,0.4766189
238,0.1,0.875,0.5,0.1875,0.59690756,0.34006208
239,0.25,0.5833333333333334,0.5,0.3333333333333333,0.56575114,0.494112
240,0.1,0.8333333333333334,0.1,0.7083333333333334,0.6692892,0.5276532
241,0.1176470588235294,1.0,0.2352941176470588,0.29411764705882354,0.59190315,0.63148105
242,0.2,1.0,0.4,0.26666666666666666,0.52373916,0.39621133
257,0.2222222222222222,0.7777777777777778,0.3333333333333333,0.1,0.7988042,0.34803253
258,0.2727272727272727,1.0,0.3636363636363637,0.18181818181818185,0.51228017,0.51988125
260,0.1,0.75,0.5833333333333334,0.1,0.573155,0.51807165
263,0.3809523809523809,0.8571428571428571,0.19047619047619047,0.1,0.5159288,0.38615945
264,0.2307692307692308,0.6923076923076923,0.1,0.38461538461538464,0.48034543,0.39100885
268,0.15384615384615385,0.9230769230769232,0.4615384615384616,0.1,0.5029369,0.52582514
273,0.2857142857142857,1.0,0.2857142857142857,0.1,0.40690666,0.3574682
274,0.1,1.0,0.1,0.8333333333333334,0.5909812,0.44313508
275,0.1,0.875,0.25,0.5,0.5919581,0.4175437
278,0.1176470588235294,0.8235294117647058,0.29411764705882354,0.17647058823529413,0.58796424,0.34784317
279,0.13333333333333333,1.0,0.13333333333333333,0.3333333333333333,0.47821957,0.51933676
282,0.2272727272727273,0.9090909090909092,0.2727272727272727,0.18181818181818185,0.5417505,0.45405293
283,0.2727272727272727,0.8181818181818182,0.1,0.18181818181818185,0.5394996,0.40858057
284,0.1875,0.8125,0.4375,0.125,0.7818404,0.39988005
287,0.25,0.8125,0.3125,0.1,0.46586722,0.4324171
289,0.1176470588235294,0.7352941176470589,0.35294117647058826,0.2058823529411765,0.5577920999999999,0.5726608
290,0.39130434782608703,0.9565217391304348,0.2608695652173913,0.1,0.50224394,0.3975988
292,0.4705882352941176,0.35294117647058826,0.29411764705882354,0.2352941176470588,0.5901193,0.5595513
295,0.38461538461538464,0.7692307692307693,0.1,0.1,0.6849387,0.5347969
297,0.21052631578947367,0.8947368421052632,0.3684210526315789,0.15789473684210525,0.66962844,0.54043317
299,0.275,0.75,0.275,0.325,0.6339126,0.46303266
300,0.17647058823529413,0.8235294117647058,0.4117647058823529,0.2352941176470588,0.33123797,0.54643524
301,0.13333333333333333,1.0,0.4666666666666667,0.2,0.24761456,0.56975234
303,0.2222222222222222,0.7777777777777778,0.2222222222222222,0.3333333333333333,0.5638074000000001,0.42984867
304,0.21428571428571427,0.5714285714285714,0.14285714285714285,0.21428571428571427,0.58130974,0.48188174
306,0.1724137931034483,0.7586206896551724,0.2413793103448276,0.206896551724138,0.5528869000000001,0.39914024
307,0.16666666666666666,1.0,0.16666666666666666,0.5,0.59856445,0.5345756
309,0.2352941176470588,0.8235294117647058,0.17647058823529413,0.35294117647058826,0.6070673000000001,0.45037967
310,0.14814814814814814,0.7037037037037037,0.3333333333333333,0.1111111111111111,0.65484613,0.6155164
312,0.15789473684210525,0.6842105263157895,0.2631578947368421,0.3157894736842105,0.50082105,0.44198883
313,0.15384615384615385,0.7307692307692307,0.1,0.7692307692307693,0.6446994,0.46726716
315,0.1,1.0,0.6363636363636364,0.1,0.68244416,0.4474135
316,0.1,0.9166666666666666,0.3333333333333333,0.25,0.55958444,0.40870368
318,0.15625,0.84375,0.375,0.28125,0.47604529999999995,0.4572611
319,0.11428571428571427,0.6,0.6285714285714286,0.3714285714285713,0.49873883,0.5015944
321,0.16666666666666666,0.8888888888888888,0.3888888888888889,0.2777777777777778,0.6118383000000001,0.49969256
322,0.1,1.0,0.5384615384615384,0.1,0.5478911,0.47478083
324,0.4666666666666667,0.8,0.5333333333333333,0.1,0.44986729999999997,0.4682147
326,0.4,1.0,0.26666666666666666,0.13333333333333333,0.5620081,0.26493928
327,0.15789473684210525,1.0,0.3684210526315789,0.2631578947368421,0.57727987,0.49283034
328,0.1,0.75,0.3,0.1,0.75778145,0.39308885
329,0.17647058823529413,0.7647058823529411,0.6470588235294118,0.1,0.41666559999999997,0.5494541
330,0.2307692307692308,0.8461538461538461,0.19230769230769232,0.2692307692307692,0.6260136,0.6216701
331,0.2272727272727273,0.8181818181818182,0.3181818181818182,0.1,0.56707245,0.41761595
332,0.18181818181818185,0.7272727272727273,0.5454545454545454,0.1,0.48812956,0.4815672
334,0.10526315789473684,1.0,0.4736842105263158,0.2631578947368421,0.45938665,0.3924297
335,0.15,0.65,0.5,0.25,0.43799692,0.46172178
336,0.3684210526315789,0.8421052631578947,0.42105263157894735,0.3684210526315789,0.6337822,0.60692346
337,0.4,0.64,0.48,0.1,0.6229021,0.5328567
338,0.4,0.7333333333333333,0.26666666666666666,0.1,0.6001236999999999,0.57181245
341,0.2222222222222222,0.9444444444444444,0.4444444444444444,0.1,0.7421532,0.40194795
342,0.2222222222222222,1.0,0.2222222222222222,0.1111111111111111,0.6123161,0.28537053
343,0.125,1.0,0.25,0.1875,0.42725414,0.5577707
344,0.1,0.9583333333333334,0.2083333333333333,0.4583333333333333,0.56436104,0.40222287
345,0.18181818181818185,1.0,0.2727272727272727,0.1,0.54168314,0.32860506
347,0.3333333333333333,0.7333333333333333,0.3333333333333333,0.13333333333333333,0.54491955,0.46803707
349,0.14285714285714285,0.8571428571428571,0.2857142857142857,0.1,0.60315865,0.46712375
350,0.3684210526315789,0.7894736842105263,0.3157894736842105,0.1,0.70604914,0.44842374
352,0.1,0.9,0.3,0.3,0.35462135,0.7246623
354,0.26666666666666666,0.8,0.5333333333333333,0.13333333333333333,0.67579454,0.5520969
355,0.25,0.2222222222222222,0.25,0.4166666666666667,0.37141448,0.41857523
357,0.1,0.8235294117647058,0.1176470588235294,0.7058823529411765,0.59440583,0.5433027
363,0.2307692307692308,0.9230769230769232,0.2307692307692308,0.1,0.42004114,0.60348046
365,0.26666666666666666,0.8,0.1,0.3333333333333333,0.46683615,0.38889107
367,0.3333333333333333,1.0,0.5,0.1,0.50242835,0.3294758
368,0.16666666666666666,0.75,0.4166666666666667,0.16666666666666666,0.3943526,0.52646524
371,0.2,1.0,0.2,0.6,0.7807149,0.43681183
372,0.16666666666666666,1.0,0.25,0.3333333333333333,0.37041290000000004,0.4504435
373,0.206896551724138,1.0,0.3448275862068966,0.3448275862068966,0.6288908000000001,0.45174602
374,0.125,0.625,0.1875,0.5,0.48717338,0.5243379
375,0.1,0.4545454545454545,0.2727272727272727,0.7272727272727273,0.5816060000000001,0.5237325
376,0.19047619047619047,0.9761904761904762,0.30952380952380953,0.2619047619047619,0.4636814,0.45140177
377,0.1,0.9090909090909092,0.7272727272727273,0.18181818181818185,0.675708,0.62187815
378,0.1,0.9411764705882352,0.1176470588235294,0.6470588235294118,0.7247055,0.5271106
380,0.19230769230769232,0.8076923076923077,0.7307692307692307,0.1,0.52270347,0.54388165
381,0.40625,0.75,0.65625,0.1,0.5424848000000001,0.5810611
382,0.19047619047619047,0.9523809523809524,0.19047619047619047,0.3809523809523809,0.70885724,0.4471181
383,0.1,0.7692307692307693,0.3076923076923077,0.3076923076923077,0.4934023,0.46522072
384,0.5294117647058824,0.8823529411764706,0.2352941176470588,0.1,0.62468725,0.43994725
385,0.14285714285714285,0.9285714285714286,0.14285714285714285,0.14285714285714285,0.47462672,0.42319515
386,0.1,0.9166666666666666,0.25,0.5833333333333334,0.4137258,0.5396561
387,0.16666666666666666,1.0,0.8333333333333334,0.1,0.42501456,0.36745498
388,0.2222222222222222,0.8888888888888888,0.4444444444444444,0.2222222222222222,0.30133920000000003,0.52109885
389,0.14285714285714285,1.0,0.2857142857142857,0.42857142857142855,0.6381789000000001,0.49343786
390,0.21052631578947367,0.8421052631578947,0.3684210526315789,0.1,0.6226596,0.5530584
391,0.2727272727272727,0.6818181818181818,0.5909090909090909,0.13636363636363635,0.34769338,0.4139692
392,0.16,0.88,0.56,0.44,0.49412805,0.41071376
393,0.10810810810810813,0.8108108108108109,0.1891891891891892,0.35135135135135137,0.48221475,0.44673514
394,0.1,0.8333333333333334,0.5833333333333334,0.25,0.47185725,0.55616176
395,0.125,0.9375,0.5,0.5625,0.52520555,0.45729527
396,0.1,0.9090909090909092,0.18181818181818185,0.2727272727272727,0.38575298,0.60930973
397,0.13333333333333333,0.9333333333333332,0.4,0.1,0.5365847,0.5636646
398,0.2857142857142857,0.7142857142857143,0.5,0.14285714285714285,0.47571987,0.5546732
399,0.14,1.0,0.4,0.46,0.34099084,0.50895524
400,0.16666666666666666,0.8888888888888888,0.2777777777777778,0.3888888888888889,0.44283026,0.46059924
401,0.1111111111111111,0.5833333333333334,0.1388888888888889,0.6944444444444444,0.31001490000000004,0.5345614
402,0.24,0.84,0.28,0.32,0.47285587,0.52032745
403,0.25,0.55,0.425,0.15,0.45376307,0.49105144
404,0.25,0.75,0.1,0.5,0.76649946,0.49376643
405,0.17647058823529413,0.8235294117647058,0.29411764705882354,0.1,0.5807511,0.47935933
406,0.1111111111111111,0.8888888888888888,0.5555555555555556,0.2222222222222222,0.43584067,0.4746124
407,0.2307692307692308,0.38461538461538464,0.2307692307692308,0.5384615384615384,0.6153224,0.5187248
409,0.15384615384615385,0.7692307692307693,0.3076923076923077,0.3076923076923077,0.42959875,0.4334532
410,0.1,0.875,0.3125,0.4375,0.55314225,0.53847426
412,0.1,1.0,0.3076923076923077,0.3076923076923077,0.42279476,0.43962958
413,0.16666666666666666,0.8888888888888888,0.4444444444444444,0.3333333333333333,0.4222694,0.44418103
414,0.12,0.8,0.48,0.24,0.37040559999999995,0.31425893
415,0.42857142857142855,0.5714285714285714,0.1,0.1,0.33984274,0.43709993
416,0.125,0.875,0.25,0.1875,0.5016913,0.4389016
417,0.1,0.5,0.6,0.1,0.43885666,0.5694206
419,0.2727272727272727,0.5909090909090909,0.4545454545454545,0.2272727272727273,0.42717390000000005,0.57944846
420,0.3125,0.6875,0.3125,0.375,0.48200852,0.5587194
421,0.1,1.0,0.1176470588235294,0.5294117647058824,0.4558608,0.6272191
423,0.13333333333333333,0.7333333333333333,0.26666666666666666,0.13333333333333333,0.46550959999999997,0.52689075
424,0.21739130434782608,0.8260869565217391,0.6086956521739131,0.2608695652173913,0.39212424,0.57689136
432,0.3125,0.4375,0.5625,0.1,0.39998227,0.38285932
433,0.2972972972972973,0.8918918918918919,0.2972972972972973,0.16216216216216214,0.48809785,0.4760725
434,0.1,0.9,0.3,0.2,0.52307147,0.28381664
435,0.2307692307692308,0.7692307692307693,0.5769230769230769,0.1,0.20704514,0.73341084
436,0.2368421052631579,0.8421052631578947,0.3684210526315789,0.10526315789473684,0.32113427,0.6194395
437,0.2,0.8,0.2,0.2,0.59327763,0.43961996
438,0.1,0.8,0.26666666666666666,0.2333333333333333,0.51411253,0.43700376
440,0.1,1.0,0.1,0.6,0.58024853,0.5908431
441,0.26666666666666666,0.8666666666666667,0.13333333333333333,0.2,0.49828857,0.43251762
442,0.1,0.8571428571428571,0.5714285714285714,0.14285714285714285,0.61294967,0.43499607
443,0.1,0.8409090909090909,0.3636363636363637,0.5,0.41980106,0.43930078
445,0.1,0.75,0.25,0.1,0.58297676,0.40456527
446,0.1,0.88,0.32,0.32,0.39627808,0.5173022
447,0.14285714285714285,0.9285714285714286,0.35714285714285715,0.2857142857142857,0.51358956,0.5827672
448,0.2,0.7,0.6,0.1,0.54620594,0.4645542
449,0.1,0.9090909090909092,0.3636363636363637,0.2727272727272727,0.7194523,0.62554705
450,0.43478260869565216,0.6086956521739131,0.39130434782608703,0.2608695652173913,0.78186625,0.52432674
451,0.16,0.76,0.6,0.1,0.5544409,0.4426967
452,0.1,0.4814814814814815,0.5555555555555556,0.4444444444444444,0.40328997,0.55365115
453,0.125,1.0,0.625,0.125,0.54364306,0.623804
454,0.1,0.9333333333333332,0.4,0.4666666666666667,0.39176482,0.50633323
455,0.3636363636363637,0.4545454545454545,0.3636363636363637,0.3636363636363637,0.5594005,0.3601089
456,0.15384615384615385,0.9615384615384616,0.4230769230769231,0.15384615384615385,0.5386153,0.4114877
457,0.1,0.875,0.59375,0.1875,0.5856691999999999,0.4403692
458,0.28,0.48,0.24,0.48,0.4267425,0.7096448
459,0.2222222222222222,1.0,0.5555555555555556,0.1,0.43624799999999997,0.44822037
460,0.375,0.775,0.45,0.275,0.5002627000000001,0.5168642
461,0.1,1.0,0.2727272727272727,0.18181818181818185,0.50586385,0.43224943
462,0.1,1.0,0.5714285714285714,0.1,0.47643572,0.3781762
463,0.13333333333333333,0.9333333333333332,0.4666666666666667,0.1,0.45851785,0.45805135
464,0.1,0.7727272727272727,0.6363636363636364,0.2727272727272727,0.47540683,0.5194473
466,0.16666666666666666,0.8888888888888888,0.2222222222222222,0.16666666666666666,0.48418397,0.4604377
467,0.125,0.875,0.4166666666666667,0.25,0.41306287,0.58468837
468,0.2,0.8769230769230769,0.3230769230769231,0.2461538461538461,0.5413969,0.40257186
472,0.2916666666666667,0.7916666666666666,0.25,0.1,0.5964480999999999,0.41993803
473,0.375,0.4583333333333333,0.2916666666666667,0.2916666666666667,0.4913835999999999,0.45159957
474,0.13333333333333333,0.8333333333333334,0.4,0.3333333333333333,0.41166168,0.5476103
475,0.27586206896551724,0.8275862068965517,0.3448275862068966,0.1,0.5738388000000001,0.36564034
476,0.2857142857142857,0.8095238095238095,0.2857142857142857,0.2380952380952381,0.45699888,0.44782043
477,0.1111111111111111,0.8888888888888888,0.4444444444444444,0.3888888888888889,0.47260863,0.53329325
479,0.3,1.0,0.5,0.2,0.35326797,0.5855409
480,0.4,0.55,0.4,0.15,0.56950253,0.41549933
481,0.1,0.8,0.8,0.26666666666666666,0.5744553000000001,0.45243347
482,0.1724137931034483,0.7931034482758621,0.5172413793103449,0.13793103448275862,0.49843282,0.5546092
483,0.18181818181818185,0.8181818181818182,0.1,0.2727272727272727,0.5268385999999999,0.5188242
485,0.25,0.75,0.16666666666666666,0.25,0.4191137,0.46833885
486,0.1,0.5476190476190477,0.7380952380952381,0.1,0.53246206,0.69685066
488,0.14285714285714285,0.5714285714285714,0.6428571428571429,0.19047619047619047,0.46193272,0.6447413
491,0.16666666666666666,0.75,0.4166666666666667,0.1,0.44365543,0.5184514
492,0.1,0.8461538461538461,0.5769230769230769,0.1,0.43686490000000006,0.549905
493,0.2307692307692308,0.8461538461538461,0.3076923076923077,0.15384615384615385,0.54911035,0.48458546
494,0.2,0.6666666666666666,0.2,0.26666666666666666,0.53609806,0.4098205
495,0.1,0.7105263157894737,0.4473684210526316,0.4736842105263158,0.22978121,0.41920006
496,0.206896551724138,0.8965517241379308,0.3448275862068966,0.1,0.7102229999999999,0.41741866
498,0.1,0.9,0.3,0.1,0.8046293999999999,0.41987225
500,0.1,0.7142857142857143,0.42857142857142855,0.14285714285714285,0.735436,0.43530238
501,0.14285714285714285,0.7142857142857143,0.5714285714285714,0.1,0.7036517,0.47664365
502,0.1,0.8333333333333334,0.3611111111111111,0.4722222222222222,0.5742753,0.45791498
503,0.1875,0.8125,0.5,0.1,0.60712093,0.40257627
504,0.2727272727272727,0.8181818181818182,0.2727272727272727,0.18181818181818185,0.53653365,0.36144108
506,0.2,0.5,0.55,0.45,0.45339674,0.5100925
507,0.1,0.8333333333333334,0.3333333333333333,0.5,0.47913320000000004,0.49769175
508,0.1,0.8571428571428571,0.6428571428571429,0.14285714285714285,0.80946106,0.41664004
513,0.4,0.8,0.3,0.1,0.82780594,0.39926225
514,0.1,0.5714285714285714,0.35714285714285715,0.2857142857142857,0.54679793,0.5756812
515,0.1,0.6666666666666666,0.3333333333333333,0.1,0.6447116999999999,0.4628867
516,0.2307692307692308,0.9230769230769232,0.6153846153846154,0.15384615384615385,0.31582147,0.48875487
517,0.26666666666666666,0.6,0.5,0.1,0.46596128,0.648077
518,0.2222222222222222,0.9444444444444444,0.3333333333333333,0.16666666666666666,0.66244775,0.47024065
520,0.29411764705882354,0.8235294117647058,0.4117647058823529,0.1,0.4278267,0.34018445
521,0.1,1.0,0.3809523809523809,0.1,0.39319164,0.47641826
522,0.1,0.8333333333333334,0.4444444444444444,0.1111111111111111,0.41429466,0.44333154
523,0.125,0.875,0.1875,0.375,0.4116885,0.56175137
524,0.2083333333333333,0.7083333333333334,0.5,0.3333333333333333,0.39235538,0.490582
525,0.14285714285714285,0.9285714285714286,0.6428571428571429,0.1,0.34697622,0.49041146
526,0.10526315789473684,0.7894736842105263,0.2631578947368421,0.10526315789473684,0.6820391,0.4886366
529,0.21052631578947367,0.6842105263157895,0.3947368421052632,0.15789473684210525,0.49039584,0.4451396
530,0.2857142857142857,0.42857142857142855,0.14285714285714285,0.42857142857142855,0.7213927,0.46981448
532,0.16666666666666666,0.8,0.3,0.3333333333333333,0.6569218000000001,0.50560576
535,0.2222222222222222,0.8888888888888888,0.4444444444444444,0.3333333333333333,0.61877114,0.499272
537,0.1,0.8181818181818182,0.5,0.3636363636363637,0.46754664,0.533223
538,0.1,0.7,0.3,0.5,0.82105285,0.54329795
539,0.2307692307692308,0.6153846153846154,0.1,0.6153846153846154,0.40655762,0.4952128
540,0.21428571428571427,0.8571428571428571,0.35714285714285715,0.21428571428571427,0.48299772,0.49478525
541,0.21428571428571427,0.5714285714285714,0.2857142857142857,0.21428571428571427,0.35643178,0.53194547
542,0.35714285714285715,0.7857142857142857,0.42857142857142855,0.1,0.72923464,0.48025975
543,0.25,0.75,0.5,0.125,0.38322037,0.52849287
546,0.1,0.7333333333333333,0.5333333333333333,0.3333333333333333,0.7356383000000001,0.8000923
547,0.2857142857142857,0.6571428571428571,0.4,0.3714285714285713,0.3684587,0.48181263
551,0.38461538461538464,0.8461538461538461,0.38461538461538464,0.1,0.3215515,0.55722004
552,0.1875,0.6875,0.25,0.1,0.31879646,0.5792769
553,0.1153846153846154,0.7692307692307693,0.38461538461538464,0.5,0.6997588,0.4333893
554,0.2916666666666667,0.5833333333333334,0.5833333333333334,0.2916666666666667,0.33183128,0.6974541
556,0.1,0.9166666666666666,0.16666666666666666,0.4166666666666667,0.46790487,0.4733721
557,0.2222222222222222,0.8888888888888888,0.6666666666666666,0.2222222222222222,0.6673719,0.5435438
560,0.15384615384615385,0.8461538461538461,0.3076923076923077,0.38461538461538464,0.6005208000000001,0.5319297
561,0.13636363636363635,0.8636363636363636,0.2272727272727273,0.13636363636363635,0.46840709999999997,0.5415568
563,0.25,0.5,0.25,0.1,0.71830636,0.60087335
564,0.2727272727272727,0.7272727272727273,0.18181818181818185,0.1,0.3539825,0.51093155
565,0.17391304347826084,0.8260869565217391,0.3478260869565217,0.2608695652173913,0.42508453,0.6584854
566,0.10344827586206896,0.8275862068965517,0.13793103448275862,0.13793103448275862,0.81399065,0.45903608
567,0.2307692307692308,0.9230769230769232,0.1,0.1,0.45252472,0.44099146
572,0.2,0.8,0.6,0.2,0.720694,0.43717736
575,0.21875,0.78125,0.34375,0.34375,0.74566525,0.57326496
576,0.10714285714285714,0.75,0.42857142857142855,0.35714285714285715,0.5236476999999999,0.68575895
581,0.1,0.7142857142857143,0.4761904761904762,0.3809523809523809,0.50529355,0.5879405
583,0.1,0.8,0.5,0.1,0.52010554,0.52009386
587,0.3076923076923077,0.5,0.5384615384615384,0.1153846153846154,0.6726634,0.6337534
591,0.125,0.75,0.4,0.2625,0.40099138,0.500544
592,0.21212121212121213,0.8181818181818182,0.3636363636363637,0.12121212121212124,0.43607217,0.6513536
593,0.4666666666666667,0.7333333333333333,0.3333333333333333,0.2,0.47300345,0.45330095
594,0.1,0.75,0.4166666666666667,0.3333333333333333,0.36412936,0.51540273
598,0.1,0.7407407407407407,0.3703703703703704,0.25925925925925924,0.5305807,0.58364326
599,0.2222222222222222,0.6666666666666666,0.4074074074074074,0.25925925925925924,0.45401949999999996,0.4582588
600,0.1,0.8666666666666667,0.3333333333333333,0.26666666666666666,0.34319717,0.5280752
605,0.32,0.68,0.36,0.1,0.3619458,0.5853666
606,0.15789473684210525,0.8421052631578947,0.42105263157894735,0.1,0.5968861,0.5240362
609,0.1,0.6190476190476191,0.3333333333333333,0.36507936507936506,0.5274715999999999,0.5664338
611,0.15384615384615385,0.7692307692307693,0.4615384615384616,0.15384615384615385,0.52665097,0.46758246
617,0.3076923076923077,0.7692307692307693,0.15384615384615385,0.1,0.72169906,0.5607764
621,0.1111111111111111,0.7777777777777778,0.5,0.16666666666666666,0.38364440000000005,0.6392081
623,0.14814814814814814,0.6666666666666666,0.4814814814814815,0.1851851851851852,0.75151247,0.5177876
628,0.2,0.8,0.3333333333333333,0.2,0.57784456,0.42433184
629,0.16,0.88,0.36,0.24,0.49457579999999995,0.65462804
630,0.1,0.4761904761904762,0.30952380952380953,0.6428571428571429,0.39196306,0.45741624
632,0.1,0.7954545454545454,0.20454545454545456,0.7272727272727273,0.5336724,0.62936723
633,0.2,1.0,0.4,0.1,0.2949533,0.33694658
636,0.13157894736842105,0.7894736842105263,0.3947368421052632,0.34210526315789475,0.40298492,0.5593525
637,0.1,1.0,0.3636363636363637,0.6363636363636364,0.53379565,0.55460036
638,0.13953488372093026,0.5116279069767442,0.3023255813953488,0.6744186046511628,0.6852010000000001,0.63445
639,0.1,0.8636363636363636,0.4545454545454545,0.2272727272727273,0.42561334,0.44489416
640,0.16,0.88,0.12,0.44,0.45900290000000005,0.37112427
643,0.1111111111111111,0.7777777777777778,0.16666666666666666,0.6111111111111112,0.37645453,0.68469906
645,0.1875,0.625,0.3125,0.1875,0.5337178000000001,0.5345428
646,0.19047619047619047,0.8095238095238095,0.42857142857142855,0.2857142857142857,0.53151697,0.44999918
647,0.2307692307692308,0.8846153846153846,0.2692307692307692,0.3076923076923077,0.48428327,0.49611577
648,0.17647058823529413,0.7647058823529411,0.17647058823529413,0.17647058823529413,0.63198954,0.44065002
649,0.16666666666666666,0.75,0.5,0.19444444444444445,0.5667281999999999,0.5546171
650,0.2083333333333333,0.625,0.5833333333333334,0.16666666666666666,0.5930173000000001,0.59879065
652,0.2857142857142857,0.42857142857142855,0.5714285714285714,0.1,0.74743265,0.5731856
653,0.1,0.8888888888888888,0.4444444444444444,0.3333333333333333,0.5589487,0.38692695
654,0.1111111111111111,0.6666666666666666,0.1111111111111111,0.1111111111111111,0.7537274,0.52690566
655,0.19230769230769232,0.6153846153846154,0.5,0.1,0.5421353,0.5097444
657,0.1,0.6666666666666666,0.7575757575757576,0.1,0.5520162,0.46774757
658,0.19047619047619047,0.7619047619047619,0.14285714285714285,0.3333333333333333,0.5839401,0.38620067
659,0.1,0.9411764705882352,0.6470588235294118,0.1,0.4607188,0.5237056
661,0.1,0.75,0.25,0.3,0.48501235,0.46798798
662,0.3,0.95,0.475,0.1,0.70194346,0.5484699
664,0.1176470588235294,0.6470588235294118,0.4705882352941176,0.29411764705882354,0.44150764,0.5460001
665,0.26666666666666666,1.0,0.26666666666666666,0.1,0.52524287,0.4205832
667,0.1,0.8620689655172413,0.3448275862068966,0.13793103448275862,0.48047394,0.6653371
668,0.3043478260869565,0.7826086956521741,0.21739130434782608,0.43478260869565216,0.55514306,0.6440984
669,0.15384615384615385,0.7692307692307693,0.4615384615384616,0.15384615384615385,0.7820975,0.53269005
670,0.2,0.8666666666666667,0.4666666666666667,0.2,0.64437264,0.4931132
671,0.19047619047619047,0.8095238095238095,0.3809523809523809,0.19047619047619047,0.5276485,0.3220098
672,0.2857142857142857,0.4489795918367347,0.22448979591836726,0.30612244897959184,0.52682024,0.65137404
673,0.125,0.9375,0.625,0.125,0.329372,0.43345582
674,0.10526315789473684,0.8947368421052632,0.3684210526315789,0.21052631578947367,0.3864134,0.43635648
675,0.3428571428571429,0.5142857142857142,0.4857142857142857,0.17142857142857146,0.47103685,0.6264624
676,0.3478260869565217,0.7391304347826086,0.3043478260869565,0.39130434782608703,0.6537984,0.5123096
677,0.16,0.92,0.28,0.24,0.6141376999999999,0.46384096
678,0.4090909090909091,0.5909090909090909,0.2727272727272727,0.1,0.5072183,0.4586421
679,0.18181818181818185,0.7272727272727273,0.3636363636363637,0.2727272727272727,0.43580526,0.5464101
680,0.14285714285714285,0.7857142857142857,0.35714285714285715,0.14285714285714285,0.36148673,0.4094492
682,0.1,0.8541666666666666,0.25,0.5208333333333334,0.68963796,0.5221052
684,0.1111111111111111,0.6666666666666666,0.3611111111111111,0.3055555555555556,0.63217765,0.54057854
685,0.2352941176470588,0.7647058823529411,0.38235294117647056,0.14705882352941174,0.7296526,0.5306542
686,0.25,0.6666666666666666,0.75,0.1,0.22646779,0.49013737
687,0.21428571428571427,0.7142857142857143,0.5714285714285714,0.14285714285714285,0.59141964,0.4819116
688,0.2,0.6333333333333333,0.26666666666666666,0.3666666666666665,0.51575524,0.60636234
689,0.21739130434782608,0.7826086956521741,0.5217391304347826,0.17391304347826084,0.52575165,0.631134
690,0.13793103448275862,0.6206896551724138,0.1724137931034483,0.6551724137931034,0.5370293,0.35528255
691,0.13333333333333333,0.7,0.4,0.2333333333333333,0.49048394,0.63041383
692,0.11627906976744184,0.9069767441860463,0.2790697674418605,0.5581395348837209,0.50981635,0.5858935
693,0.13043478260869565,0.9565217391304348,0.3043478260869565,0.21739130434782608,0.6446604,0.30229467
695,0.125,0.875,0.4375,0.1,0.40927106,0.4511637
696,0.1,0.8666666666666667,0.4666666666666667,0.3666666666666665,0.5200433,0.5108361
697,0.16666666666666666,0.7916666666666666,0.5416666666666666,0.16666666666666666,0.48043853,0.49811482
698,0.1,1.0,0.3636363636363637,0.2727272727272727,0.50791544,0.5868577
699,0.14583333333333334,0.5625,0.5208333333333334,0.3333333333333333,0.49548417,0.6174778
712,0.21212121212121213,0.8181818181818182,0.3333333333333333,0.21212121212121213,0.5367647,0.3997969
713,0.14285714285714285,0.7142857142857143,0.35714285714285715,0.35714285714285715,0.45048590000000005,0.44930542
714,0.2380952380952381,0.5714285714285714,0.2857142857142857,0.42857142857142855,0.552396,0.4882837
715,0.1590909090909091,0.7727272727272727,0.13636363636363635,0.5227272727272727,0.5574437,0.6140685
717,0.2380952380952381,0.6666666666666666,0.3809523809523809,0.1,0.395943,0.47107315
718,0.16666666666666666,0.6666666666666666,0.3333333333333333,0.1,0.36307293,0.4195313
719,0.38461538461538464,0.6153846153846154,0.3076923076923077,0.1,0.45831590000000005,0.4658023
720,0.1935483870967742,0.7096774193548387,0.2903225806451613,0.41935483870967744,0.5642616,0.4920643
721,0.1,0.890625,0.28125,0.578125,0.5414097,0.50910676
722,0.12048192771084335,0.7831325301204819,0.21686746987951808,0.4457831325301205,0.51478857,0.49810123
724,0.17647058823529413,0.7647058823529411,0.29411764705882354,0.1176470588235294,0.59740704,0.31469738
725,0.1836734693877551,0.6938775510204082,0.32653061224489793,0.1836734693877551,0.41773456,0.49325877
726,0.1590909090909091,0.9318181818181818,0.4090909090909091,0.11363636363636365,0.509648,0.5390264
728,0.1,0.9333333333333332,0.2,0.2,0.39971536,0.47216052
729,0.15217391304347827,0.7826086956521741,0.3478260869565217,0.43478260869565216,0.49635643,0.6188868
730,0.13043478260869565,0.8695652173913043,0.21739130434782608,0.39130434782608703,0.45727724,0.6031257
731,0.13846153846153847,0.8,0.3384615384615385,0.4923076923076923,0.5042698,0.62640274
732,0.20634920634920634,0.7460317460317459,0.2857142857142857,0.5714285714285714,0.41903442,0.65470886
733,0.2352941176470588,0.6470588235294118,0.35294117647058826,0.3235294117647059,0.59766906,0.45458803
735,0.1276595744680851,0.8297872340425532,0.5319148936170213,0.1702127659574468,0.28836864,0.6676074
736,0.16666666666666666,0.7738095238095238,0.19047619047619047,0.2976190476190476,0.51273495,0.50599664
738,0.1875,0.875,0.1,0.1875,0.2542792,0.48049095
739,0.1,0.7,0.35,0.45,0.56722885,0.5296171
740,0.125,0.84375,0.6875,0.125,0.6878825,0.53495264
741,0.5918367346938775,0.32653061224489793,0.42857142857142855,0.12244897959183673,0.44013184,0.66722405
742,0.1,0.9,0.4,0.2,0.7352151,0.4259674
744,0.1111111111111111,0.6666666666666666,0.25925925925925924,0.4814814814814815,0.52224034,0.5107498
745,0.1,0.972972972972973,0.10810810810810813,0.4324324324324325,0.5099971999999999,0.48017943
746,0.14814814814814814,0.7407407407407407,0.2962962962962963,0.3703703703703704,0.39714879999999997,0.5710976
747,0.2727272727272727,0.6060606060606061,0.3333333333333333,0.42424242424242425,0.4995715,0.44652128
748,0.16,0.76,0.52,0.16,0.5561504,0.3697179
749,0.1,0.8387096774193549,0.3548387096774194,0.25806451612903225,0.4689178,0.41090542
750,0.14545454545454545,0.8545454545454545,0.6,0.2727272727272727,0.18802243,0.4829892
753,0.32432432432432434,0.7027027027027027,0.2702702702702703,0.10810810810810813,0.5991569,0.5054859
754,0.3103448275862069,0.5862068965517241,0.4482758620689655,0.206896551724138,0.40461868,0.65718275
755,0.21739130434782608,0.5652173913043478,0.6086956521739131,0.21739130434782608,0.37607425,0.558464
757,0.2413793103448276,0.6206896551724138,0.6206896551724138,0.13793103448275862,0.38538829999999996,0.60758555
759,0.1111111111111111,0.7777777777777778,0.4074074074074074,0.14814814814814814,0.41697305,0.47876132
763,0.1,0.8888888888888888,0.4444444444444444,0.1,0.4990397,0.49147642
764,0.3333333333333333,0.4444444444444444,0.2222222222222222,0.1,0.7966171999999999,0.520293
766,0.3725490196078432,0.9019607843137256,0.13725490196078433,0.3137254901960784,0.68665236,0.5210598
767,0.1,0.9032258064516128,0.16129032258064516,0.5483870967741935,0.604078,0.40755063
768,0.1,0.8333333333333334,0.5,0.1,0.60857373,0.5504691
769,0.1590909090909091,0.7727272727272727,0.3863636363636364,0.1590909090909091,0.54299444,0.57696885
770,0.2258064516129032,0.5161290322580645,0.5161290322580645,0.12903225806451613,0.57498497,0.57821006
772,0.15492957746478872,0.7887323943661971,0.3380281690140845,0.30985915492957744,0.6941665,0.5018374
773,0.30337078651685395,0.797752808988764,0.2359550561797753,0.21348314606741567,0.731842,0.4726525
774,0.375,0.375,0.375,0.125,0.6561952,0.52663076
775,0.2857142857142857,0.7142857142857143,0.42857142857142855,0.1,0.8413299000000001,0.39984363
776,0.2857142857142857,0.7142857142857143,0.42857142857142855,0.1,0.85475403,0.39288747
777,0.25806451612903225,0.8064516129032258,0.41935483870967744,0.1,0.61578995,0.5038427
778,0.25,0.8125,0.5,0.125,0.47179920000000003,0.37326837
779,0.2333333333333333,0.8333333333333334,0.5333333333333333,0.1,0.6696456999999999,0.5925569
780,0.3333333333333333,0.8148148148148148,0.4814814814814815,0.1,0.73536474,0.714244
781,0.1,0.8205128205128205,0.19230769230769232,0.5256410256410257,0.44012684,0.5523305
782,0.2222222222222222,0.8333333333333334,0.3888888888888889,0.16666666666666666,0.7663116999999999,0.55370885
783,0.1,0.5,0.3333333333333333,0.25,0.7810523,0.42700255
784,0.1,0.4166666666666667,0.8333333333333334,0.4166666666666667,0.9385167999999999,0.50969875
787,0.15384615384615385,0.4615384615384616,0.4615384615384616,0.3076923076923077,0.5200475,0.6461122
789,0.4782608695652174,0.9565217391304348,0.2608695652173913,0.13043478260869565,0.72261924,0.51658124
790,0.3333333333333333,0.8333333333333334,0.25,0.125,0.36495823,0.58685094
792,0.15789473684210525,0.8947368421052632,0.3684210526315789,0.10526315789473684,0.65834695,0.35755646
793,0.375,0.6875,0.375,0.1,0.5466804,0.41935426
794,0.1,0.5686274509803921,0.4117647058823529,0.4901960784313725,0.35573107,0.5730463
795,0.3043478260869565,0.7391304347826086,0.3043478260869565,0.21739130434782608,0.56151754,0.49971578
796,0.26666666666666666,0.8666666666666667,0.3333333333333333,0.16666666666666666,0.45118695,0.36156833
797,0.1851851851851852,0.6296296296296297,0.6296296296296297,0.1111111111111111,0.34839708,0.5049245
798,0.1,0.9333333333333332,0.5,0.1,0.5253317,0.6056712
799,0.2727272727272727,0.5909090909090909,0.2727272727272727,0.13636363636363635,0.7870589,0.5279645
800,0.2307692307692308,0.9230769230769232,0.3076923076923077,0.1,0.58385605,0.5316316
801,0.25,0.6875,0.1875,0.34375,0.5825998,0.53656006
802,0.15,0.75,0.4,0.15,0.40575153,0.5087979
803,0.10526315789473684,0.5,0.13157894736842105,0.5526315789473685,0.54647535,0.5076473
804,0.17391304347826084,0.7826086956521741,0.3043478260869565,0.17391304347826084,0.63912886,0.4739353
805,0.2903225806451613,0.6774193548387096,0.5483870967741935,0.1935483870967742,0.35808665,0.5531769
806,0.1,1.0,0.4375,0.125,0.6602826999999999,0.67596066
807,0.10344827586206896,0.7241379310344828,0.4137931034482759,0.3103448275862069,0.52982825,0.46329585
808,0.3157894736842105,0.631578947368421,0.21052631578947367,0.2631578947368421,0.52585083,0.50957215
809,0.14814814814814814,0.8888888888888888,0.3703703703703704,0.4074074074074074,0.32414943,0.5878856
810,0.13636363636363635,0.7272727272727273,0.3409090909090909,0.1,0.56417173,0.5538477
811,0.21428571428571427,0.7142857142857143,0.35714285714285715,0.21428571428571427,0.30304807,0.545011
812,0.2307692307692308,0.6153846153846154,0.6153846153846154,0.1,0.39631087,0.51561517
813,0.1,0.5714285714285714,0.2857142857142857,0.2857142857142857,0.5929746,0.5431719
814,0.3125,0.78125,0.34375,0.21875,0.4163267,0.65853864
815,0.3207547169811321,0.490566037735849,0.3584905660377358,0.22641509433962265,0.6138373,0.6438348
816,0.4736842105263158,0.631578947368421,0.3157894736842105,0.10526315789473684,0.57138795,0.43739992
817,0.206896551724138,0.7241379310344828,0.3448275862068966,0.27586206896551724,0.5711555,0.36975414
819,0.125,0.7916666666666666,0.5,0.25,0.38278429999999997,0.51936394
820,0.206896551724138,0.5862068965517241,0.2413793103448276,0.3793103448275862,0.5644699000000001,0.54280597
821,0.32432432432432434,0.5945945945945946,0.7297297297297297,0.10810810810810813,0.29863745,0.6535109
822,0.14814814814814814,0.8888888888888888,0.4074074074074074,0.2962962962962963,0.6114921,0.5003914
823,0.17647058823529413,0.7647058823529411,0.29411764705882354,0.1176470588235294,0.5155031,0.52404094
824,0.1,0.8809523809523809,0.10714285714285714,0.7142857142857143,0.32589728,0.351254
825,0.14285714285714285,0.6785714285714286,0.5,0.25,0.6093249,0.5987935
826,0.2424242424242425,0.696969696969697,0.3636363636363637,0.3333333333333333,0.37441199999999997,0.5814694
827,0.14814814814814814,0.8518518518518519,0.4074074074074074,0.25925925925925924,0.6378165,0.4001373
828,0.3225806451612903,0.6774193548387096,0.3548387096774194,0.3225806451612903,0.53911155,0.6031167
829,0.1,0.9240506329113924,0.16455696202531644,0.6835443037974683,0.56457335,0.4528734
830,0.2352941176470588,0.5294117647058824,0.35294117647058826,0.2352941176470588,0.37411565,0.5954601
831,0.2,0.65,0.35,0.25,0.46060187,0.6930985
832,0.4230769230769231,0.7692307692307693,0.38461538461538464,0.1,0.80358773,0.5232855
833,0.2222222222222222,0.4444444444444444,0.4444444444444444,0.5,0.27126616,0.45530796
834,0.22916666666666666,0.75,0.2916666666666667,0.375,0.52062315,0.4321456
835,0.2333333333333333,0.8,0.4,0.1,0.72253746,0.42202827
836,0.10714285714285714,0.8214285714285714,0.6428571428571429,0.17857142857142858,0.52190584,0.42410728
837,0.17142857142857146,0.6,0.5142857142857142,0.14285714285714285,0.47874337,0.46769357
838,0.19444444444444445,0.6388888888888888,0.2777777777777778,0.19444444444444445,0.7779716999999999,0.41473073
839,0.15,0.75,0.25,0.35,0.5883432,0.4300446
841,0.3636363636363637,0.7272727272727273,0.18181818181818185,0.1,0.62999266,0.49084306
842,0.13636363636363635,0.4090909090909091,0.4545454545454545,0.2727272727272727,0.6766861999999999,0.4852082
843,0.16666666666666666,0.875,0.2083333333333333,0.2916666666666667,0.5343521,0.5472388
851,0.2571428571428571,0.8,0.3428571428571429,0.17142857142857146,0.5480483,0.55169725
852,0.2,0.7,0.225,0.425,0.42956632,0.41162258
853,0.18181818181818185,0.696969696969697,0.18181818181818185,0.5757575757575758,0.51868755,0.5744576
854,0.1851851851851852,0.7777777777777778,0.5555555555555556,0.1111111111111111,0.44883877,0.46737
855,0.1,0.8076923076923077,0.6923076923076923,0.3076923076923077,0.39469475,0.5002003
856,0.29411764705882354,0.9411764705882352,0.4117647058823529,0.17647058823529413,0.5486551,0.40240383
857,0.19230769230769232,0.9615384615384616,0.38461538461538464,0.2692307692307692,0.45072633,0.5709362
858,0.1076923076923077,0.7538461538461538,0.3538461538461539,0.4615384615384616,0.44815618,0.38904306
859,0.5454545454545454,0.4848484848484849,0.30303030303030304,0.2727272727272727,0.54305893,0.448838
860,0.21739130434782608,0.6086956521739131,0.6304347826086957,0.1956521739130435,0.60381716,0.3449732
861,0.2727272727272727,0.5,0.4545454545454545,0.2727272727272727,0.6392973000000001,0.40389866
862,0.1276595744680851,0.6808510638297872,0.425531914893617,0.3404255319148936,0.6347484999999999,0.46179467
863,0.1875,0.8125,0.1875,0.4375,0.62179476,0.65192163
864,0.13636363636363635,0.5909090909090909,0.5909090909090909,0.13636363636363635,0.49261624,0.5229465
866,0.1111111111111111,0.6666666666666666,0.3888888888888889,0.2222222222222222,0.351232,0.41604894
867,0.1,0.7407407407407407,0.5185185185185185,0.3333333333333333,0.41309840000000003,0.45154595
868,0.1851851851851852,0.5555555555555556,0.5555555555555556,0.3333333333333333,0.42062598,0.58714306
869,0.1,0.696969696969697,0.42424242424242425,0.18181818181818185,0.6016515,0.5608526
870,0.35714285714285715,0.7857142857142857,0.21428571428571427,0.1,0.6279339,0.5611848
871,0.12903225806451613,0.4516129032258064,0.7096774193548387,0.12903225806451613,0.5526599,0.47247136
872,0.18421052631578946,0.8157894736842105,0.34210526315789475,0.21052631578947367,0.5753924,0.481224
873,0.1,0.8444444444444444,0.4888888888888889,0.2,0.61274594,0.5976144
874,0.1,0.65,0.5,0.25,0.497616,0.46372163
875,0.1,0.8571428571428571,0.14285714285714285,0.14285714285714285,0.33563048,0.36475983
876,0.14285714285714285,0.5714285714285714,0.5,0.21428571428571427,0.6313555999999999,0.45731688
877,0.13333333333333333,0.8666666666666667,0.26666666666666666,0.2,0.54264253,0.49907535
878,0.10526315789473684,0.8947368421052632,0.15789473684210525,0.42105263157894735,0.604296,0.4337259
879,0.4090909090909091,0.2727272727272727,0.4545454545454545,0.13636363636363635,0.41086537,0.6457007
880,0.1,0.7777777777777778,0.2222222222222222,0.3333333333333333,0.47575146,0.45935497
881,0.2222222222222222,0.5833333333333334,0.2777777777777778,0.2777777777777778,0.4559303,0.5809989
882,0.1,0.8,0.1,0.3,0.28473538,0.54934883
883,0.25,0.3928571428571429,0.4642857142857143,0.35714285714285715,0.3263026,0.52515876
884,0.1,0.8666666666666667,0.2,0.4666666666666667,0.38657635,0.48027188
885,0.2571428571428571,0.4571428571428571,0.4571428571428571,0.2,0.41420823,0.63927865
886,0.3333333333333333,0.5555555555555556,0.3333333333333333,0.1,0.5205782999999999,0.5883502
887,0.1,0.6538461538461539,0.1,0.6153846153846154,0.589166,0.7188833
888,0.25,0.3333333333333333,0.6666666666666666,0.4166666666666667,0.426526,0.5701671
889,0.2307692307692308,0.7692307692307693,0.15384615384615385,0.1,0.39020246,0.37994242
890,0.1,0.55,0.2,0.575,0.62886494,0.4754732
891,0.1,0.5833333333333334,0.25,0.1,0.65639406,0.5887199
892,0.125,0.75,0.375,0.125,0.2708065,0.5328212
893,0.3157894736842105,0.631578947368421,0.3157894736842105,0.15789473684210525,0.66992766,0.49502647
894,0.42424242424242425,0.7878787878787878,0.30303030303030304,0.1,0.5477367,0.5211285
895,0.2777777777777778,0.5277777777777778,0.4722222222222222,0.19444444444444445,0.47488874,0.5491084
896,0.2727272727272727,0.5454545454545454,0.3636363636363637,0.1,0.81079096,0.55318505
897,0.4166666666666667,0.5,0.16666666666666666,0.5,0.31045967,0.40179592
898,0.3,0.8,0.2,0.1,0.673878,0.38502213
899,0.1111111111111111,0.8888888888888888,0.3888888888888889,0.3333333333333333,0.44509786,0.37665495
900,0.1,1.0,0.6666666666666666,0.1,0.6565909000000001,0.26088154
901,0.1,0.8947368421052632,0.15789473684210525,0.631578947368421,0.304967,0.4719812
902,0.1,0.7234042553191491,0.2765957446808511,0.6170212765957447,0.31308764,0.53707045
903,0.4,0.75,0.3,0.1,0.5281016,0.53628707
904,0.2307692307692308,0.6153846153846154,0.2307692307692308,0.1,0.65712184,0.52695227
905,0.1,0.8125,0.375,0.34375,0.51527387,0.52835363
906,0.2380952380952381,0.5238095238095238,0.42857142857142855,0.2857142857142857,0.40236694,0.5753092
907,0.21875,0.5,0.1875,0.6875,0.47861892,0.44953158
908,0.12,0.76,0.32,0.1,0.7264729,0.3671965
909,0.4545454545454545,0.42424242424242425,0.3939393939393939,0.2424242424242425,0.5336841,0.5481074
910,0.1,0.7777777777777778,0.1111111111111111,0.2222222222222222,0.28429013,0.49848637
911,0.17391304347826084,0.6521739130434783,0.2608695652173913,0.4782608695652174,0.5341825,0.67967355
912,0.19047619047619047,0.7619047619047619,0.3333333333333333,0.14285714285714285,0.5340523,0.5116055
913,0.2222222222222222,0.7777777777777778,0.2962962962962963,0.1,0.5961879,0.4775324
914,0.24,0.48,0.2,0.16,0.46249813,0.44963515
915,0.12,0.76,0.28,0.2,0.5038746000000001,0.53093255
916,0.13043478260869565,0.7391304347826086,0.17391304347826084,0.21739130434782608,0.55302256,0.4717365
917,0.15384615384615385,0.7692307692307693,0.1,0.2307692307692308,0.5847091,0.48379946
918,0.1,0.7894736842105263,0.1,0.7631578947368421,0.6519914000000001,0.5656194
919,0.1,0.6,0.3,0.4,0.550216,0.4109276
920,0.21428571428571427,0.7142857142857143,0.5,0.21428571428571427,0.51327187,0.41204762
921,0.1,0.875,0.6875,0.25,0.5497233,0.48996392
922,0.10526315789473684,0.7894736842105263,0.5263157894736842,0.21052631578947367,0.55865854,0.56514335
923,0.4,0.32,0.44,0.44,0.34865814,0.481923
924,0.2,0.64,0.48,0.1,0.52430874,0.5377104
925,0.5,0.75,0.3333333333333333,0.1,0.64904374,0.5482773
926,0.16,0.8,0.32,0.4,0.58906263,0.4797691
927,0.1,0.75,0.5833333333333334,0.1,0.3257466,0.4896853
928,0.1111111111111111,0.8888888888888888,0.1111111111111111,0.4444444444444444,0.61225814,0.4214999
929,0.1,0.7142857142857143,0.2285714285714285,0.6,0.55383605,0.51711357
930,0.65,0.85,0.3,0.1,0.8746628000000001,0.67805
931,0.40384615384615385,0.6346153846153846,0.36538461538461536,0.1153846153846154,0.65678436,0.53497523
932,0.125,0.6875,0.1875,0.25,0.47568363,0.39967528
933,0.6666666666666666,0.6666666666666666,0.14285714285714285,0.1,0.85850877,0.504645
934,0.1111111111111111,0.8888888888888888,0.3888888888888889,0.2777777777777778,0.45502309999999996,0.61736465
935,0.1,0.8260869565217391,0.3043478260869565,0.1,0.67013174,0.51127696
936,0.10416666666666667,0.8125,0.2708333333333333,0.10416666666666667,0.5289436,0.5596417
937,0.1,0.7755102040816326,0.1,0.4693877551020408,0.620488,0.4955638
938,0.1,0.7804878048780488,0.1,0.4878048780487805,0.6824489,0.44414487
939,0.2631578947368421,0.6842105263157895,0.3157894736842105,0.21052631578947367,0.50971395,0.6253882
940,0.4324324324324325,0.5405405405405406,0.5675675675675675,0.1,0.6785074000000001,0.48700058
941,0.3,0.7,0.5,0.1,0.5352219,0.4313791
942,0.2,0.7333333333333333,0.13333333333333333,0.3333333333333333,0.52827543,0.50865006
943,0.1111111111111111,0.8888888888888888,0.4444444444444444,0.1111111111111111,0.33463293,0.64057887
944,0.2727272727272727,0.8181818181818182,0.2727272727272727,0.1,0.48039395,0.4865446
945,0.21428571428571427,0.5,0.4107142857142857,0.4642857142857143,0.44128996,0.604169
946,0.1,0.9285714285714286,0.2857142857142857,0.21428571428571427,0.40734142,0.53328645
947,0.13333333333333333,0.7777777777777778,0.3111111111111111,0.6444444444444445,0.430216,0.5634927
948,0.2857142857142857,0.7142857142857143,0.2857142857142857,0.14285714285714285,0.64771193,0.3478133
949,0.25806451612903225,0.5483870967741935,0.3870967741935484,0.25806451612903225,0.61560553,0.66219676
950,0.1875,0.6875,0.4375,0.1,0.5492659000000001,0.41819656
951,0.26666666666666666,0.8,0.2,0.1,0.54888827,0.5143261
952,0.1,0.6078431372549019,0.17647058823529413,0.6862745098039216,0.45920044,0.4997285
953,0.25,0.75,0.375,0.25,0.5790445,0.40750003
954,0.1,0.9583333333333334,0.5,0.4166666666666667,0.46734040000000004,0.5352633
955,0.16666666666666666,0.5833333333333334,0.25,0.16666666666666666,0.81184405,0.5098591
956,0.1,0.6,0.2,0.5333333333333333,0.49371368,0.78824914
957,0.13333333333333333,0.7333333333333333,0.26666666666666666,0.1,0.5196063,0.48944598
958,0.2,0.6666666666666666,0.4666666666666667,0.26666666666666666,0.36496514,0.48040193
959,0.13043478260869565,0.7826086956521741,0.17391304347826084,0.6086956521739131,0.46695918,0.56730187
960,0.17857142857142858,0.8571428571428571,0.17857142857142858,0.14285714285714285,0.60003775,0.5902283
961,0.15789473684210525,0.6842105263157895,0.3684210526315789,0.15789473684210525,0.50336725,0.41774786
962,0.2,0.6,0.6,0.1,0.5335626,0.44320303
963,0.26666666666666666,0.6,0.43333333333333335,0.3,0.2695877,0.4946271
964,0.17857142857142858,0.8928571428571429,0.17857142857142858,0.17857142857142858,0.6116379,0.59696555
965,0.15555555555555556,0.8,0.3333333333333333,0.4444444444444444,0.5908453,0.49986812
966,0.2857142857142857,0.5714285714285714,0.42857142857142855,0.14285714285714285,0.5149505999999999,0.6161659
967,0.3333333333333333,0.6666666666666666,0.3333333333333333,0.1,0.57882315,0.41218004
968,0.1,0.9,0.5,0.3,0.49812860000000003,0.5312088
969,0.2777777777777778,0.7777777777777778,0.2222222222222222,0.1111111111111111,0.53756577,0.4561393
971,0.15384615384615385,0.7692307692307693,0.5384615384615384,0.1,0.49607520000000005,0.53141415
972,0.25,0.5,0.9166666666666666,0.1,0.595262,0.7026665
973,0.1794871794871795,0.7948717948717948,0.35897435897435903,0.1794871794871795,0.53701156,0.5088158
974,0.2857142857142857,0.6428571428571429,0.14285714285714285,0.17857142857142858,0.6173734000000001,0.4275866
975,0.14285714285714285,0.6428571428571429,0.1,0.5714285714285714,0.6262196,0.46764892
976,0.3333333333333333,0.5555555555555556,0.2222222222222222,0.1111111111111111,0.47128922,0.4372975
977,0.35,0.8,0.25,0.45,0.49025375,0.61572874
978,0.35714285714285715,0.5,0.2857142857142857,0.21428571428571427,0.37485164,0.43952924
979,0.18181818181818185,0.6363636363636364,0.4545454545454545,0.2727272727272727,0.5339052,0.5091362
980,0.1111111111111111,0.7777777777777778,0.4444444444444444,0.1,0.47982067,0.62560403
981,0.1,0.8974358974358975,0.28205128205128205,0.4615384615384616,0.51880604,0.5540905
982,0.2857142857142857,0.9285714285714286,0.42857142857142855,0.21428571428571427,0.49432522,0.58685684
983,0.25,0.85,0.35,0.1,0.63353187,0.54492515
984,0.2222222222222222,0.4444444444444444,0.2222222222222222,0.2222222222222222,0.65001243,0.4987101
985,0.13043478260869565,0.7391304347826086,0.3043478260869565,0.5217391304347826,0.5968161,0.49561283
986,0.1,0.5882352941176471,0.35294117647058826,0.5882352941176471,0.29687518,0.39599913
987,0.1,0.6111111111111112,0.5694444444444444,0.5694444444444444,0.66677195,0.47172356
988,0.5454545454545454,0.7727272727272727,0.18181818181818185,0.1,0.7298358,0.53006405
989,0.13333333333333333,0.7333333333333333,0.1,0.5333333333333333,0.41722650000000006,0.5892508
990,0.1,0.8064516129032258,0.3225806451612903,0.2258064516129032,0.6791708000000001,0.46396014
991,0.14285714285714285,0.8571428571428571,0.35714285714285715,0.14285714285714285,0.47387522,0.47988766
992,0.1,0.7647058823529411,0.4411764705882353,0.3235294117647059,0.5573760999999999,0.58807665
993,0.18181818181818185,0.5909090909090909,0.5454545454545454,0.1,0.39573056,0.6208896
994,0.3181818181818182,0.5,0.5454545454545454,0.3181818181818182,0.4831925,0.4595163
998,0.16666666666666666,0.7222222222222222,0.2777777777777778,0.2222222222222222,0.6749758000000001,0.36920077
999,0.1,0.7916666666666666,0.4166666666666667,0.3333333333333333,0.5314558000000001,0.577345
1000,0.17142857142857146,0.8285714285714286,0.3714285714285713,0.17142857142857146,0.61402935,0.57569164
1001,0.25,0.75,0.125,0.1,0.64903384,0.49386662
1002,0.1,0.9333333333333332,0.2,0.3333333333333333,0.36564428,0.5566644
1003,0.24,0.8,0.44,0.1,0.39475197,0.4762769
1004,0.1,0.9655172413793104,0.27586206896551724,0.3793103448275862,0.5341600999999999,0.5147569
1005,0.15384615384615385,0.6923076923076923,0.3076923076923077,0.15384615384615385,0.7849274,0.4530664
1006,0.5121951219512195,0.6341463414634146,0.2926829268292683,0.1,0.52475137,0.47018623
1007,0.15151515151515152,0.8787878787878788,0.12121212121212124,0.5757575757575758,0.47913748,0.45169398
1008,0.3888888888888889,0.7222222222222222,0.1111111111111111,0.1111111111111111,0.80990916,0.59733075
1009,0.1,0.76,0.48,0.24,0.517356,0.567777
1010,0.1,0.8,0.2,0.4666666666666667,0.44164008,0.42333865
1011,0.1,0.8,0.2,0.1,0.7969281,0.49210858
1012,0.19047619047619047,0.8571428571428571,0.30952380952380953,0.2857142857142857,0.42971367,0.55028963
1013,0.1,1.0,0.2,0.1,0.49531620000000004,0.5746858
1014,0.1,0.5909090909090909,0.6363636363636364,0.18181818181818185,0.45298153,0.55685794
1016,0.2,0.8,0.1,0.1,0.49113005,0.49120745
1017,0.1,0.8764044943820225,0.3820224719101124,0.4831460674157304,0.40225405,0.67151886
1018,0.1111111111111111,0.8888888888888888,0.1111111111111111,0.1,0.38643605,0.44349924
1019,0.18181818181818185,0.8181818181818182,0.1,0.2727272727272727,0.6254689999999999,0.4829171
1020,0.1,0.8181818181818182,0.2727272727272727,0.6363636363636364,0.3224743,0.5987167
1021,0.18181818181818185,0.5454545454545454,0.4090909090909091,0.1,0.7754169,0.5549045
1022,0.45,0.5,0.4,0.1,0.40064794,0.43022472
1023,0.3333333333333333,0.5384615384615384,0.14102564102564102,0.5769230769230769,0.5271836,0.45507568
1024,0.1,0.8979591836734694,0.1,0.8571428571428571,0.5709972,0.64579564
1025,0.13953488372093026,0.5116279069767442,0.2558139534883721,0.6511627906976745,0.5359704000000001,0.5462198
1026,0.3333333333333333,0.5833333333333334,0.25,0.1,0.32825726,0.39545438
1027,0.13333333333333333,0.6666666666666666,0.3333333333333333,0.3666666666666665,0.48897475,0.47985193
1028,0.13157894736842105,0.7105263157894737,0.18421052631578946,0.5789473684210527,0.36454207,0.6188715
1029,0.1388888888888889,0.7777777777777778,0.4444444444444444,0.19444444444444445,0.6706554,0.42217472
1030,0.3888888888888889,0.6666666666666666,0.1,0.2777777777777778,0.7435195,0.4846322
1031,0.1875,0.875,0.25,0.1,0.49164194,0.44610882
1032,0.1,0.8620689655172413,0.3103448275862069,0.5172413793103449,0.46338028,0.46962836
1033,0.1,0.9411764705882352,0.2352941176470588,0.1176470588235294,0.58082694,0.49639875
1034,0.2307692307692308,0.7692307692307693,0.4615384615384616,0.1,0.49702555,0.649794
1035,0.18181818181818185,0.8636363636363636,0.13636363636363635,0.13636363636363635,0.77142054,0.430517
1036,0.2631578947368421,0.4736842105263158,0.2631578947368421,0.2631578947368421,0.40131634,0.5024033
1037,0.3478260869565217,0.6086956521739131,0.6956521739130435,0.1,0.41726786,0.6731192
1038,0.14285714285714285,0.9285714285714286,0.2857142857142857,0.35714285714285715,0.5195318,0.5201287
1039,0.3928571428571429,0.6785714285714286,0.17857142857142858,0.3928571428571429,0.54783124,0.4764
1040,0.4324324324324325,0.8648648648648649,0.32432432432432434,0.1,0.60275453,0.48387668
1041,0.16923076923076924,0.7538461538461538,0.15384615384615385,0.5230769230769231,0.43513817,0.53188103
1042,0.16666666666666666,0.7222222222222222,0.3333333333333333,0.3055555555555556,0.45399207,0.7571213
1043,0.17073170731707318,0.6585365853658537,0.2682926829268293,0.4634146341463415,0.49404269999999995,0.5419645
1044,0.13333333333333333,0.7333333333333333,0.3333333333333333,0.26666666666666666,0.5990518,0.54854167
1045,0.1,0.8636363636363636,0.4090909090909091,0.18181818181818185,0.52162737,0.40322778
1046,0.15384615384615385,0.7692307692307693,0.38461538461538464,0.1,0.38716835,0.55970144
1047,0.1,0.9375,0.5625,0.1,0.53949517,0.5428164
1048,0.17647058823529413,0.7647058823529411,0.17647058823529413,0.2352941176470588,0.5288319,0.51311654
1049,0.21052631578947367,0.5263157894736842,0.3684210526315789,0.2631578947368421,0.49600476,0.4691221
1050,0.25,0.75,0.1,0.2083333333333333,0.8256447,0.53580993
1054,0.2272727272727273,0.9090909090909092,0.1,0.3181818181818182,0.5444353,0.45951432
1055,0.1,0.7,0.1,0.9,0.6894148,0.4262609
1056,0.1,0.6086956521739131,0.2608695652173913,0.5217391304347826,0.46253544,0.54526496
1057,0.1,0.75,0.1,0.8333333333333334,0.6291725,0.5002841
1062,0.16666666666666666,0.9166666666666666,0.25,0.25,0.3762197,0.49361917
1063,0.1,1.0,0.1,0.5555555555555556,0.55425495,0.5944922
1064,0.1,1.0,0.5,0.1,0.313716,0.5265751
1065,0.125,0.875,0.25,0.1,0.51101106,0.4554618
1070,0.1,1.0,0.2,0.1,0.57999474,0.4846891
1071,0.14285714285714285,0.8571428571428571,0.3333333333333333,0.2380952380952381,0.6069599,0.4267408
1072,0.13793103448275862,0.7586206896551724,0.2413793103448276,0.13793103448275862,0.69702274,0.4578099
1073,0.16666666666666666,0.75,0.5833333333333334,0.1,0.4209121,0.5459881
1078,0.1,0.88,0.44,0.1,0.61278266,0.49830294
1079,0.2857142857142857,0.7142857142857143,0.14285714285714285,0.2857142857142857,0.71381146,0.49024135
1080,0.206896551724138,0.7586206896551724,0.1724137931034483,0.1724137931034483,0.6511374,0.42122108
1081,0.1,0.7222222222222222,0.6111111111111112,0.4166666666666667,0.47968203,0.49482623
1086,0.1,0.6842105263157895,0.7368421052631579,0.10526315789473684,0.6144543,0.5326511
1087,0.1,0.9090909090909092,0.2727272727272727,0.4545454545454545,0.37614256,0.51895416
1092,0.5,0.8888888888888888,0.1111111111111111,0.16666666666666666,0.6193983000000001,0.5595631
1093,0.21739130434782608,0.8695652173913043,0.13043478260869565,0.17391304347826084,0.8886929,0.46051458
1094,0.1,0.8846153846153846,0.5769230769230769,0.15384615384615385,0.59818095,0.42076784
1095,0.12,0.36,0.1,0.68,0.5746022,0.6031026
1096,0.1,0.9166666666666666,0.2916666666666667,0.2083333333333333,0.47200495,0.59565
1097,0.11904761904761905,0.8809523809523809,0.4047619047619048,0.35714285714285715,0.6015559,0.30426946
1103,0.1,0.8125,0.3125,0.4375,0.4302712,0.4713114
1104,0.2380952380952381,0.7619047619047619,0.5238095238095238,0.1,0.56289345,0.52619684
1105,0.16666666666666666,0.6666666666666666,0.3333333333333333,0.2222222222222222,0.35542315,0.45886064
1106,0.12,0.6,0.4,0.16,0.48499662,0.4967115
1111,0.1,0.8,0.4,0.35,0.61901313,0.67847705
1112,0.1111111111111111,0.6666666666666666,0.5555555555555556,0.2777777777777778,0.6263941,0.44695994
1113,0.19047619047619047,0.7142857142857143,0.5714285714285714,0.3333333333333333,0.45327562,0.513095
1114,0.4722222222222222,0.75,0.1,0.3611111111111111,0.81886715,0.57000583
1115,0.375,0.5,0.125,0.1,0.51202863,0.44435057
1116,0.2857142857142857,0.9285714285714286,0.42857142857142855,0.2857142857142857,0.7858419,0.40855616
1117,0.1,0.7619047619047619,0.5714285714285714,0.19047619047619047,0.32806402,0.44463083
1119,0.19047619047619047,0.5238095238095238,0.6190476190476191,0.19047619047619047,0.59571236,0.5187315
1120,0.13043478260869565,0.6086956521739131,0.5652173913043478,0.3043478260869565,0.4805389,0.51311505
1121,0.1,0.9285714285714286,0.2857142857142857,0.5,0.46810144,0.5316118
1122,0.1111111111111111,0.7777777777777778,0.5555555555555556,0.1,0.42704743,0.45447743
1127,0.40625,0.5625,0.5,0.1,0.6135791,0.5748403
1128,0.125,0.75,0.625,0.125,0.53730494,0.61537266
1129,0.18181818181818185,0.9090909090909092,0.3181818181818182,0.2727272727272727,0.5536161999999999,0.5088041
1130,0.3333333333333333,0.6060606060606061,0.3939393939393939,0.15151515151515152,0.6307128000000001,0.6040789
1133,0.25,0.8333333333333334,0.16666666666666666,0.25,0.52809983,0.5542361
1137,0.1,0.631578947368421,0.5789473684210527,0.3157894736842105,0.50051147,0.5974705
1138,0.1,0.2272727272727273,0.3636363636363637,0.6363636363636364,0.33378392,0.51418734
1139,0.1,0.7692307692307693,0.6153846153846154,0.1,0.6122679,0.5189937
1140,0.3333333333333333,0.5,0.3333333333333333,0.16666666666666666,0.43115180000000003,0.40681866
1145,0.1176470588235294,0.7647058823529411,0.35294117647058826,0.17647058823529413,0.5772794,0.5207044
1146,0.2,0.8,0.3,0.2,0.52708787,0.41576964
1147,0.10526315789473684,0.631578947368421,0.42105263157894735,0.10526315789473684,0.69248503,0.47876912
1148,0.1875,0.75,0.375,0.375,0.5126212,0.5028507
1156,0.1,0.7647058823529411,0.2352941176470588,0.4117647058823529,0.5484062,0.39055958
1157,0.3611111111111111,0.6944444444444444,0.1,0.4722222222222222,0.67223257,0.49294862
1159,0.1,0.8,0.4,0.2,0.6460454999999999,0.4642852
1160,0.2857142857142857,0.7142857142857143,0.42857142857142855,0.14285714285714285,0.5769510999999999,0.6429057
1168,0.1,0.7692307692307693,0.4615384615384616,0.1,0.62621766,0.3837564
1169,0.3636363636363637,0.7727272727272727,0.1,0.13636363636363635,0.563832,0.6148496
1170,0.3333333333333333,0.6666666666666666,0.4666666666666667,0.1,0.5415198,0.4389975
1171,0.15789473684210525,0.9473684210526316,0.2631578947368421,0.2631578947368421,0.6153310000000001,0.5039819
1183,0.17647058823529413,0.8235294117647058,0.4705882352941176,0.1,0.53668183,0.36130214
1184,0.17391304347826084,0.5217391304347826,0.43478260869565216,0.13043478260869565,0.52615327,0.38239226
1185,0.1875,0.71875,0.46875,0.34375,0.44910150000000004,0.39371288
1188,0.25,0.7352941176470589,0.19117647058823528,0.5441176470588235,0.5243103,0.59095764
1194,0.125,0.75,0.1875,0.5,0.79196316,0.46014953
1195,0.11904761904761905,0.6904761904761905,0.3333333333333333,0.2619047619047619,0.6075215,0.58469176
1196,0.3703703703703704,0.4814814814814815,0.5925925925925926,0.1,0.5861512,0.6790862
1197,0.2272727272727273,0.8181818181818182,0.1,0.3181818181818182,0.68894595,0.5568603
1205,0.1,0.5384615384615384,0.2307692307692308,0.38461538461538464,0.67344004,0.39102197
1206,0.1,0.8235294117647058,0.1,0.7647058823529411,0.5631159,0.48627108
1207,0.3125,0.625,0.25,0.1,0.8064553000000001,0.44184917
1208,0.26666666666666666,0.7333333333333333,0.38333333333333336,0.18333333333333326,0.41542727,0.4862476
1211,0.2272727272727273,0.7727272727272727,0.3636363636363637,0.13636363636363635,0.48827165,0.364967
1212,0.1,0.8571428571428571,0.2857142857142857,0.42857142857142855,0.6649242,0.27968898
1217,0.1111111111111111,0.6666666666666666,0.3333333333333333,0.2222222222222222,0.85418755,0.4139753
1218,0.2352941176470588,0.7647058823529411,0.2352941176470588,0.17647058823529413,0.84743303,0.51398253
1219,0.18181818181818185,0.5454545454545454,0.5454545454545454,0.1,0.44059354,0.30681437
1220,0.2,0.7714285714285715,0.4,0.3428571428571429,0.6033568,0.4222721
1221,0.2,0.6,0.1,0.2,0.4943263,0.40615177
1222,0.1,0.75,0.4375,0.4375,0.5043948,0.5329126
1224,0.18181818181818185,0.7272727272727273,0.18181818181818185,0.2727272727272727,0.55183464,0.48620453
1227,0.1,0.7857142857142857,0.35714285714285715,0.35714285714285715,0.51808935,0.40845937
1228,0.1,0.8125,0.1,0.25,0.73493,0.5938498
1229,0.1,0.8717948717948718,0.20512820512820512,0.3333333333333333,0.6102963,0.4120606
1230,0.1,0.7777777777777778,0.1,0.5555555555555556,0.54930633,0.5103744
1231,0.3,0.5,0.3,0.4,0.6683909,0.33840787
1232,0.125,0.625,0.3125,0.25,0.47687703,0.3858243
1234,0.1,0.6086956521739131,0.5217391304347826,0.13043478260869565,0.43645829999999997,0.33811694
1236,0.1,0.8,0.1,0.4,0.5917993,0.31486902
1238,0.4814814814814815,0.5555555555555556,0.3703703703703704,0.1,0.44099873,0.5407152
1239,0.2222222222222222,0.7777777777777778,0.4444444444444444,0.1,0.55820745,0.4617663
1240,0.36,0.36,0.4,0.28,0.53945464,0.6018061
1241,0.1,0.75,0.35,0.4,0.6384459,0.44797897
1242,0.1,0.8148148148148148,0.1,0.6666666666666666,0.64155394,0.45928276
1243,0.5,0.7142857142857143,0.1,0.1,0.9306621999999999,0.39473724
1244,0.2222222222222222,0.7777777777777778,0.1111111111111111,0.1111111111111111,0.51864547,0.4686566
1247,0.3333333333333333,0.8333333333333334,0.4166666666666667,0.1,0.5869076999999999,0.41476756
1248,0.1,0.7073170731707317,0.5365853658536586,0.2195121951219512,0.6786011,0.5060108
1249,0.35714285714285715,0.75,0.32142857142857145,0.2857142857142857,0.64129025,0.4069746
1250,0.2083333333333333,0.875,0.5416666666666666,0.125,0.46247512,0.43566096
1251,0.17391304347826084,0.9130434782608696,0.2608695652173913,0.17391304347826084,0.43514973,0.6748973
1252,0.3333333333333333,0.4444444444444444,0.3333333333333333,0.2222222222222222,0.48787659999999994,0.3859212
1253,0.25,0.625,0.125,0.1,0.69240266,0.42841753
1254,0.7,0.6,0.1,0.1,0.8573089,0.44247818
1255,0.1,0.6428571428571429,0.42857142857142855,0.35714285714285715,0.55582875,0.40606666
1256,0.13793103448275862,0.7241379310344828,0.1724137931034483,0.5862068965517241,0.71122974,0.4105946
1260,0.18181818181818185,0.9090909090909092,0.1,0.4545454545454545,0.44792897,0.2814933
1261,0.25,0.875,0.25,0.1,0.57137305,0.42678195
1262,0.4782608695652174,0.6521739130434783,0.3478260869565217,0.1,0.46420032,0.4764813
1263,0.1,0.7894736842105263,0.15789473684210525,0.4736842105263158,0.5843832,0.5273022
1267,0.1,0.6190476190476191,0.4761904761904762,0.2857142857142857,0.72877663,0.36260214
1270,0.32857142857142857,0.7571428571428571,0.35714285714285715,0.3142857142857143,0.58612555,0.43500236
1272,0.1,0.5849056603773585,0.11320754716981132,0.6226415094339622,0.62144905,0.5170552
1273,0.10714285714285714,0.75,0.10714285714285714,0.3928571428571429,0.5328074,0.47675306
1274,0.1,1.0,0.14285714285714285,0.5714285714285714,0.5238404999999999,0.1353221
1275,0.1,0.7647058823529411,0.2352941176470588,0.1176470588235294,0.59745806,0.4005788
1276,0.2727272727272727,0.9090909090909092,0.4545454545454545,0.18181818181818185,0.43996292,0.44273275
1277,0.16666666666666666,0.5833333333333334,0.5,0.1,0.38544482,0.36835334
1279,0.1,0.8,0.5,0.4,0.44243377,0.5381876
1281,0.2857142857142857,0.6428571428571429,0.4047619047619048,0.35714285714285715,0.5608149,0.42642966
1282,0.30303030303030304,0.696969696969697,0.30303030303030304,0.12121212121212124,0.6180479,0.4302531
1284,0.3,0.7,0.2,0.3,0.45563990000000004,0.33412996
1285,0.4583333333333333,0.6666666666666666,0.2916666666666667,0.16666666666666666,0.81677586,0.5764342
1286,0.1,0.75,0.25,0.45,0.5337613,0.53349096
1287,0.4,0.8,0.25,0.1,0.4617173,0.49703792
1288,0.16,0.76,0.6,0.1,0.55454177,0.41065854
1289,0.4166666666666667,0.8333333333333334,0.1,0.3333333333333333,0.49408835,0.26228553
1290,0.1,0.8095238095238095,0.42857142857142855,0.19047619047619047,0.6458302,0.44930086
1296,0.1,0.8095238095238095,0.19047619047619047,0.2380952380952381,0.8463003000000001,0.5109143
1297,0.2,0.8,0.4,0.2,0.6735547,0.43691275
1298,0.1,0.8571428571428571,0.2857142857142857,0.42857142857142855,0.5863598000000001,0.4300566
1299,0.1875,0.875,0.375,0.25,0.46290916,0.5532293
1300,0.1,0.7894736842105263,0.6842105263157895,0.3684210526315789,0.44144994,0.6151173
1304,0.1,0.8571428571428571,0.2380952380952381,0.4761904761904762,0.44959468,0.42811054
1306,0.1,0.8,0.2,0.6,0.55200094,0.49145466
1307,0.1,0.8666666666666667,0.1,0.7333333333333333,0.43923658,0.47978485
1308,0.1,0.8695652173913043,0.5217391304347826,0.6521739130434783,0.6547068,0.4871884
1309,0.1,0.6896551724137931,0.3793103448275862,0.3793103448275862,0.51264185,0.5413257
1319,0.13333333333333333,0.9333333333333332,0.4,0.3333333333333333,0.6586841,0.35055137
1320,0.1,0.6666666666666666,0.6666666666666666,0.3888888888888889,0.5427105,0.4944415
1321,0.10344827586206896,0.7931034482758621,0.4827586206896552,0.4137931034482759,0.43535072,0.44531888
1322,0.11363636363636365,0.4545454545454545,0.3863636363636364,0.3409090909090909,0.47133082,0.43803933
1329,0.4117647058823529,0.5294117647058824,0.4117647058823529,0.1,0.51068383,0.5266334
1330,0.18181818181818185,0.8181818181818182,0.4545454545454545,0.1,0.41205649999999994,0.43542373
1331,0.14285714285714285,0.7619047619047619,0.2380952380952381,0.2380952380952381,0.5942281999999999,0.59112006
1332,0.15789473684210525,0.7368421052631579,0.10526315789473684,0.5263157894736842,0.38756090000000004,0.56344306
1337,0.3220338983050847,0.7796610169491526,0.4067796610169492,0.3050847457627119,0.5531147,0.5257685
1341,0.1,0.75,0.8333333333333334,0.3333333333333333,0.5866100000000001,0.5445597
1342,0.2972972972972973,0.6756756756756757,0.4594594594594595,0.1,0.5157773,0.618286
1343,0.18181818181818185,0.7272727272727273,0.4545454545454545,0.3636363636363637,0.48447996,0.5572021
1344,0.2,0.8666666666666667,0.4,0.13333333333333333,0.62637526,0.42337948
1349,0.15384615384615385,0.5384615384615384,0.2307692307692308,0.3076923076923077,0.44658893,0.41409597
1350,0.1,0.8148148148148148,0.3703703703703704,0.4444444444444444,0.41339928,0.5302395
1351,0.1,0.9090909090909092,0.5454545454545454,0.18181818181818185,0.5522838000000001,0.4300323
1352,0.1,0.5666666666666667,0.26666666666666666,0.6333333333333333,0.48273116,0.51779014
1358,0.1,0.8125,0.1,0.5625,0.45794170000000006,0.397236
1359,0.10526315789473684,0.8421052631578947,0.3157894736842105,0.42105263157894735,0.61389154,0.51590407
1360,0.1176470588235294,0.7647058823529411,0.29411764705882354,0.35294117647058826,0.50415105,0.5250772
1361,0.1,0.5384615384615384,0.3076923076923077,0.2307692307692308,0.5704022,0.5864326
1362,0.2857142857142857,0.2857142857142857,0.21428571428571427,0.14285714285714285,0.5029866,0.56109536
1369,0.2058823529411765,0.8235294117647058,0.4411764705882353,0.14705882352941174,0.52810127,0.44978634
1370,0.16666666666666666,0.75,0.5,0.1,0.5723315999999999,0.3788494
1371,0.1,0.8888888888888888,0.3333333333333333,0.2222222222222222,0.48891670000000004,0.44924515
1372,0.2857142857142857,0.7857142857142857,0.2857142857142857,0.35714285714285715,0.5299321,0.46846455
1378,0.15,0.7,0.3,0.3,0.69113046,0.42694715
1379,0.38461538461538464,0.6923076923076923,0.3076923076923077,0.1,0.6499738,0.4140079
1380,0.17647058823529413,0.7647058823529411,0.4117647058823529,0.1,0.43120307,0.4087776
1381,0.16216216216216214,0.8378378378378378,0.2297297297297297,0.4189189189189189,0.6074639000000001,0.57041585
1386,0.1,0.75,0.125,0.7083333333333334,0.5478589,0.48909697
1387,0.3709677419354839,0.8064516129032258,0.1,0.12903225806451613,0.65083605,0.45963013
1388,0.16666666666666666,0.8333333333333334,0.25,0.1,0.54644126,0.37160283
1389,0.2702702702702703,0.40540540540540543,0.5945945945945946,0.16216216216216214,0.47407466,0.6062114
1395,0.21428571428571427,0.5,0.14285714285714285,0.35714285714285715,0.5316444,0.47118685
1396,0.1,0.8235294117647058,0.5882352941176471,0.2352941176470588,0.5090093,0.52142394
1397,0.3170731707317073,0.8780487804878049,0.1,0.24390243902439024,0.72195584,0.4662071
1398,0.1111111111111111,0.4444444444444444,0.4814814814814815,0.2962962962962963,0.5274654999999999,0.4680403
1400,0.2894736842105263,0.5789473684210527,0.4736842105263158,0.15789473684210525,0.47410935,0.5078831
1401,0.1,0.64,0.44,0.6,0.5036902,0.43762374
1402,0.14285714285714285,0.8571428571428571,0.14285714285714285,0.14285714285714285,0.6873308000000001,0.4846173
1403,0.3333333333333333,0.6111111111111112,0.16666666666666666,0.4444444444444444,0.59316,0.5146246
1406,0.1,1.0,0.5,0.1,0.61549467,0.33632624
1407,0.1,0.8666666666666667,0.6666666666666666,0.13333333333333333,0.4967764,0.5146829
1408,0.3,0.75,0.1,0.2,0.5237939,0.4681322
1409,0.2727272727272727,0.8181818181818182,0.2727272727272727,0.13636363636363635,0.545693,0.54970753
1411,0.2,0.7,0.1,0.1,0.7087813000000001,0.38421762
1413,0.1,0.84,0.16,0.48,0.45387977,0.4842781
1414,0.18181818181818185,0.6363636363636364,0.5909090909090909,0.1,0.45007604,0.5120913
1421,0.5555555555555556,0.8888888888888888,0.1,0.3333333333333333,0.74051815,0.3996452
1422,0.1176470588235294,0.8235294117647058,0.29411764705882354,0.35294117647058826,0.5757845,0.49609816
1423,0.125,0.75,0.375,0.3125,0.46489507,0.506631
1424,0.2333333333333333,0.38333333333333336,0.4166666666666667,0.25,0.7026668,0.6214754
1426,0.1,1.0,0.16666666666666666,0.1,0.5457068,0.39084637
1427,0.1,0.8095238095238095,0.19047619047619047,0.4761904761904762,0.59590155,0.4440651
1428,0.2,0.6666666666666666,0.3333333333333333,0.2,0.42333990000000005,0.33874363
1429,0.2631578947368421,0.7368421052631579,0.3157894736842105,0.1,0.57426566,0.5542776
1434,0.1,0.8461538461538461,0.1,0.4615384615384616,0.5190446,0.48595452
1435,0.19047619047619047,0.8095238095238095,0.19047619047619047,0.3809523809523809,0.5792214,0.38142678
1436,0.21875,0.4375,0.125,0.4375,0.5883774,0.40719733
1437,0.1,0.6,0.6,0.3,0.6021554,0.49156293
1440,0.15384615384615385,0.9230769230769232,0.38461538461538464,0.1,0.33575147,0.42033446
1441,0.1,1.0,0.25,0.6666666666666666,0.45566599999999996,0.4709059
1442,0.1,0.8076923076923077,0.15384615384615385,0.3076923076923077,0.49160690000000007,0.5483069
1443,0.1,0.5294117647058824,0.6470588235294118,0.17647058823529413,0.5108767,0.49713075
1444,0.1,0.92,0.1,0.12,0.71558064,0.28505206
1445,0.1,0.875,0.16666666666666666,0.4583333333333333,0.40875490000000003,0.48977706
1446,0.18181818181818185,0.8181818181818182,0.2727272727272727,0.6363636363636364,0.49893743,0.46715358
1447,0.21428571428571427,0.8214285714285714,0.10714285714285714,0.4642857142857143,0.5452599,0.40996546
1448,0.2857142857142857,0.7142857142857143,0.21428571428571427,0.1,0.625603,0.3976262
1449,0.1875,0.625,0.6875,0.4375,0.5476,0.47517487
1450,0.2777777777777778,0.5833333333333334,0.25,0.19444444444444445,0.7689976,0.46358082
1451,0.206896551724138,0.7586206896551724,0.206896551724138,0.2413793103448276,0.35801715,0.5431957
1454,0.1,0.8235294117647058,0.5882352941176471,0.29411764705882354,0.4933936,0.5412591
1455,0.10144927536231883,0.6666666666666666,0.15942028985507245,0.6521739130434783,0.49219304,0.49767476
1456,0.14285714285714285,0.8285714285714286,0.1,0.6285714285714286,0.5029399999999999,0.66137594
1457,0.10810810810810813,0.7297297297297297,0.35135135135135137,0.4864864864864865,0.46848232,0.5474751
1458,0.16666666666666666,0.9047619047619048,0.11904761904761905,0.4523809523809524,0.68924314,0.3847875
1459,0.13043478260869565,0.6847826086956522,0.17391304347826084,0.5978260869565217,0.62661165,0.41094404
1460,0.1,0.8461538461538461,0.4615384615384616,0.5384615384615384,0.41766697,0.53601515
1461,0.1,0.6363636363636364,0.2727272727272727,0.5454545454545454,0.58898586,0.48532975
1463,0.21052631578947367,0.5263157894736842,0.3684210526315789,0.4736842105263158,0.6233962,0.3417545
1464,0.13636363636363635,0.8636363636363636,0.3181818181818182,0.1,0.5523486999999999,0.45305812
1465,0.2692307692307692,0.6153846153846154,0.19230769230769232,0.3076923076923077,0.65950567,0.57992995
1466,0.1,0.7317073170731707,0.2195121951219512,0.4390243902439024,0.44834942,0.42049864
1468,0.1111111111111111,0.8333333333333334,0.2222222222222222,0.3888888888888889,0.42041963,0.42156827
1469,0.1,0.9090909090909092,0.2272727272727273,0.5909090909090909,0.626097,0.3624614
1470,0.35294117647058826,0.8382352941176471,0.1176470588235294,0.4852941176470588,0.39789492,0.4037099
1471,0.1,0.6111111111111112,0.5555555555555556,0.1111111111111111,0.45371252,0.71482587
1472,0.2,0.4,0.4666666666666667,0.3,0.64157516,0.43999487
1473,0.1,0.84,0.28,0.64,0.47611338,0.41129518
1474,0.5517241379310345,0.6551724137931034,0.10344827586206896,0.1,0.790538,0.33957416
1475,0.44,0.68,0.16,0.1,0.7841858,0.5881403
1476,0.1,0.8181818181818182,0.1,0.1,0.64782804,0.4403975
1477,0.45,0.9,0.15,0.225,0.6111168,0.5237366
1478,0.15,0.7,0.25,0.25,0.35449797,0.51701427
1479,0.2,0.75,0.45,0.15,0.5448081,0.46430916
1482,0.1,0.8636363636363636,0.3181818181818182,0.18181818181818185,0.67471665,0.37492213
1483,0.1,0.7777777777777778,0.5740740740740741,0.2962962962962963,0.49501508,0.3020075
1484,0.5609756097560976,0.7073170731707317,0.17073170731707318,0.1,0.8027455,0.37722418
1485,0.2195121951219512,0.5853658536585366,0.3902439024390244,0.24390243902439024,0.46518117,0.5425135
1486,0.1,0.75,0.3125,0.5,0.562653,0.35629463
1487,0.1111111111111111,0.5185185185185185,0.2222222222222222,0.4074074074074074,0.5359305999999999,0.4372321
1488,0.1,0.8666666666666667,0.1111111111111111,0.7111111111111111,0.5104472,0.5428512
1489,0.43478260869565216,0.6521739130434783,0.1,0.13043478260869565,0.54441065,0.62463355
1490,0.13333333333333333,0.9333333333333332,0.3333333333333333,0.4,0.48840863,0.47849956
1491,0.18181818181818185,0.5,0.5,0.2272727272727273,0.61919206,0.49884826
1492,0.20408163265306128,0.5714285714285714,0.1,0.5918367346938775,0.5138573000000001,0.4420222
1493,0.17142857142857146,0.4571428571428571,0.3428571428571429,0.2285714285714285,0.40342778,0.43646967
1496,0.13043478260869565,0.7826086956521741,0.1,0.5652173913043478,0.7158435000000001,0.4440802
1497,0.2972972972972973,0.7837837837837838,0.20270270270270271,0.14864864864864866,0.7578710999999999,0.4347377
1498,0.3818181818181817,0.8181818181818182,0.2363636363636364,0.1,0.83887583,0.4944529
1499,0.3,0.8666666666666667,0.13333333333333333,0.3666666666666665,0.5975971999999999,0.4315642
1500,0.1,0.8461538461538461,0.5384615384615384,0.6153846153846154,0.6734398,0.48973608
1501,0.1,0.625,0.1,0.625,0.43908948,0.30410844
1502,0.14285714285714285,0.8571428571428571,0.2380952380952381,0.5238095238095238,0.57653254,0.42633262
1503,0.1,0.7647058823529411,0.4705882352941176,0.35294117647058826,0.35998207,0.50233495
1505,0.14285714285714285,0.8095238095238095,0.19047619047619047,0.2857142857142857,0.6332429,0.36824387
1507,0.3428571428571429,0.5428571428571428,0.3714285714285713,0.1,0.4432264,0.51433367
1508,0.1,0.8666666666666667,0.26666666666666666,0.4,0.5060509,0.41639072
1510,0.3157894736842105,0.7894736842105263,0.3684210526315789,0.1,0.5698084,0.35128936
1511,0.21428571428571427,0.7857142857142857,0.42857142857142855,0.1,0.63001865,0.51709676
1512,0.2077922077922078,0.7402597402597403,0.14285714285714285,0.5714285714285714,0.42013747,0.51313794
1513,0.35294117647058826,0.7352941176470589,0.14705882352941174,0.17647058823529413,0.38059002,0.515517
1514,0.21428571428571427,0.7142857142857143,0.21428571428571427,0.1,0.53806525,0.3900693
1515,0.13333333333333333,0.8666666666666667,0.13333333333333333,0.6,0.65435094,0.48160768
1516,0.1,0.7878787878787878,0.1,0.6060606060606061,0.51478,0.52596605
1517,0.1,0.8285714285714286,0.1,0.6,0.46688908,0.45176405
1519,0.1,0.7741935483870968,0.5483870967741935,0.25806451612903225,0.5410640999999999,0.4383586
1520,0.1176470588235294,0.6470588235294118,0.1176470588235294,0.29411764705882354,0.60680753,0.42310745
1522,0.18,0.42,0.62,0.3,0.5722309,0.67073846
1524,0.17391304347826084,0.7391304347826086,0.2608695652173913,0.21739130434782608,0.58756214,0.51560956
1525,0.1,0.925,0.325,0.35,0.6380035,0.5027715
1526,0.13333333333333333,0.6666666666666666,0.3333333333333333,0.26666666666666666,0.52030617,0.35148212
1527,0.2727272727272727,0.4545454545454545,0.2727272727272727,0.5454545454545454,0.5672088000000001,0.5514498
1528,0.13513513513513514,0.5945945945945946,0.4594594594594595,0.5405405405405406,0.7066507,0.38226447
1529,0.14285714285714285,0.7619047619047619,0.19047619047619047,0.6190476190476191,0.561158,0.33867836
1530,0.3,0.7,0.4,0.1,0.55654794,0.4723387
1531,0.1,0.5652173913043478,0.3043478260869565,0.21739130434782608,0.61645275,0.51658535
1532,0.1,0.6111111111111112,0.6666666666666666,0.2777777777777778,0.67946225,0.4123978
1533,0.10526315789473684,0.5263157894736842,0.2631578947368421,0.6052631578947368,0.5567083,0.4223284
1534,0.19047619047619047,0.6190476190476191,0.42857142857142855,0.3809523809523809,0.55240136,0.50220037
1535,0.1,0.8095238095238095,0.2380952380952381,0.4761904761904762,0.53932124,0.57671744
1537,0.1,0.5454545454545454,0.7272727272727273,0.1,0.45681279999999996,0.4879781
1538,0.1,0.4375,0.5,0.5625,0.7348357,0.5209266
1539,0.1,0.8620689655172413,0.13793103448275862,0.6551724137931034,0.5571738,0.43025124
1542,0.1,0.7777777777777778,0.6666666666666666,0.2222222222222222,0.45037812,0.40452603
1543,0.125,1.0,0.25,0.1,0.41981179999999996,0.4645099
1544,0.17391304347826084,0.8260869565217391,0.13043478260869565,0.17391304347826084,0.8834719999999999,0.43784657
1545,0.16129032258064516,0.8064516129032258,0.2258064516129032,0.4838709677419355,0.51983815,0.5013392
1547,0.18181818181818185,0.5,0.3181818181818182,0.4545454545454545,0.33758456,0.45665714
1548,0.16666666666666666,0.8333333333333334,0.3333333333333333,0.1,0.63581353,0.40177754
1549,0.1,0.43478260869565216,0.6521739130434783,0.5217391304347826,0.18803132,0.4408226
1550,0.1,0.8181818181818182,0.13636363636363635,0.3181818181818182,0.6303653,0.45579606
1552,0.1,0.68,0.32,0.2,0.6201444,0.37975428
1553,0.1,0.9473684210526316,0.21052631578947367,0.5263157894736842,0.5278533000000001,0.44866553
1554,0.29411764705882354,0.4411764705882353,0.1,0.29411764705882354,0.6315767,0.49277988
1555,0.3703703703703704,0.3703703703703704,0.1851851851851852,0.25925925925925924,0.41558272,0.5889363
1556,0.2222222222222222,0.5925925925925926,0.4814814814814815,0.1111111111111111,0.5198149000000001,0.48095596
1557,0.1,0.7894736842105263,0.21052631578947367,0.7368421052631579,0.5472916999999999,0.37018812
1558,0.1,0.5277777777777778,0.5277777777777778,0.4166666666666667,0.6341528000000001,0.41623533
1559,0.3157894736842105,0.3684210526315789,0.2631578947368421,0.4473684210526316,0.54212195,0.6323333
1560,0.1,0.7428571428571429,0.4857142857142857,0.42857142857142855,0.2006908,0.48851573
1561,0.1,0.8260869565217391,0.39130434782608703,0.21739130434782608,0.5628880999999999,0.4150052
1562,0.1,0.3469387755102041,0.16326530612244894,0.6530612244897959,0.577102,0.5615953
1563,0.18181818181818185,0.6363636363636364,0.13636363636363635,0.2272727272727273,0.5188959,0.45598397
1566,0.25,0.6071428571428571,0.42857142857142855,0.25,0.5715296999999999,0.36209306
1567,0.1,0.8333333333333334,0.16666666666666666,0.6666666666666666,0.49888307,0.45603862
1568,0.25,0.78125,0.4375,0.1,0.64701074,0.3626479
1569,0.1,0.76,0.36,0.24,0.61147314,0.5000432
1570,0.10344827586206896,0.6896551724137931,0.206896551724138,0.4827586206896552,0.6532014,0.4516832
1571,0.1,0.6363636363636364,0.1,0.5,0.5292241999999999,0.61991715
1572,0.2340425531914893,0.6382978723404256,0.2127659574468085,0.3829787234042553,0.60582584,0.4490477
1573,0.1,0.7826086956521741,0.4782608695652174,0.13043478260869565,0.44061809999999996,0.47521603
1574,0.1,0.9230769230769232,0.1,0.5384615384615384,0.6615346,0.3995263
1575,0.10344827586206896,0.7931034482758621,0.3448275862068966,0.4482758620689655,0.49882716,0.43537843
1576,0.1,0.7142857142857143,0.25,0.5357142857142857,0.45747429999999994,0.5656359
1577,0.1,0.6888888888888889,0.6,0.37777777777777777,0.5750795,0.68861425
1580,0.17647058823529413,0.7058823529411765,0.17647058823529413,0.17647058823529413,0.6570179,0.38045216
1581,0.1,0.8245614035087719,0.3684210526315789,0.4736842105263158,0.6201858,0.47201294
1582,0.15517241379310345,0.646551724137931,0.16379310344827586,0.6810344827586207,0.60819834,0.40316692
1583,0.15254237288135594,0.6779661016949152,0.1694915254237288,0.3898305084745763,0.48453859999999993,0.5850125
1584,0.10344827586206896,0.7586206896551724,0.1,0.4482758620689655,0.73610455,0.30638856
1585,0.1,0.8,0.4,0.4857142857142857,0.5474909,0.41393244
1586,0.16666666666666666,0.7777777777777778,0.4444444444444444,0.2222222222222222,0.60546285,0.35180587
1587,0.21212121212121213,0.42424242424242425,0.3333333333333333,0.5151515151515151,0.50680166,0.519573
1603,0.14285714285714285,0.7857142857142857,0.35714285714285715,0.42857142857142855,0.6708515,0.35693884
1604,0.16666666666666666,0.8333333333333334,0.3333333333333333,0.1,0.60410434,0.60263395
1605,0.1,0.8032786885245902,0.2786885245901639,0.7704918032786885,0.5013271,0.51090324
1610,0.1,0.9166666666666666,0.16666666666666666,0.25,0.70087856,0.3641882
1611,0.1,0.8409090909090909,0.5227272727272727,0.2727272727272727,0.44838816,0.4279572
1612,0.26506024096385544,0.7469879518072289,0.1686746987951807,0.24096385542168675,0.24926620000000002,0.48176768
1613,0.2571428571428571,0.6,0.2285714285714285,0.2857142857142857,0.59794146,0.6287633
1619,0.42857142857142855,0.5714285714285714,0.42857142857142855,0.21428571428571427,0.45353097,0.36465085
1620,0.1,0.85,0.15,0.4,0.5651503000000001,0.45213044
1621,0.1,0.8666666666666667,0.3333333333333333,0.13333333333333333,0.49777716,0.43184745
1622,0.16129032258064516,0.6774193548387096,0.12903225806451613,0.41935483870967744,0.49864823,0.44161564
1626,0.14285714285714285,0.7857142857142857,0.42857142857142855,0.1,0.6571494000000001,0.4142345
1627,0.1836734693877551,0.5306122448979592,0.4489795918367347,0.14285714285714285,0.4523812,0.42312688
1628,0.2,0.5,0.4,0.1,0.5255633000000001,0.4770728
1629,0.1176470588235294,0.8823529411764706,0.17647058823529413,0.29411764705882354,0.5449589,0.49676013
